Record Length,2.500000e+03,,   0.012250000000,  -0.06000,
Sample Interval,1.000000e-06,,   0.012251000000,  -0.06000,
Trigger Point,-1.225000000000e+04,,   0.012252000000,  -0.06160,
,,,   0.012253000000,  -0.06000,
,,,   0.012254000000,  -0.06000,
,,,   0.012255000000,  -0.06080,
Source,CH1,,   0.012256000000,  -0.06000,
Vertical Units,V,,   0.012257000000,  -0.06080,
Vertical Scale,2.000000e-02,,   0.012258000000,  -0.06000,
Vertical Offset,7.200000e-03,,   0.012259000000,  -0.06000,
Horizontal Units,s,,   0.012260000000,  -0.06000,
Horizontal Scale,2.500000e-04,,   0.012261000000,  -0.06000,
Pt Fmt,Y,,   0.012262000000,  -0.06080,
Yzero,0.000000e+00,,   0.012263000000,  -0.06000,
Probe Atten,1.000000e+00,,   0.012264000000,  -0.06000,
Model Number,TDS1012B,,   0.012265000000,  -0.05920,
Serial Number,C063623,,   0.012266000000,  -0.06000,
Firmware Version,FV:v22.01,,   0.012267000000,  -0.06000,
,,,0.012268000000,  -0.06000,
,,,0.012269000000,  -0.05920,
,,,0.012270000000,  -0.06080,
,,,0.012271000000,  -0.05920,
,,,0.012272000000,  -0.05920,
,,,0.012273000000,  -0.06000,
,,,0.012274000000,  -0.06000,
,,,0.012275000000,  -0.05920,
,,,0.012276000000,  -0.06000,
,,,0.012277000000,  -0.05920,
,,,0.012278000000,  -0.06000,
,,,0.012279000000,  -0.05920,
,,,0.012280000000,  -0.05920,
,,,0.012281000000,  -0.05920,
,,,0.012282000000,  -0.05920,
,,,0.012283000000,  -0.05840,
,,,0.012284000000,  -0.05840,
,,,0.012285000000,  -0.05840,
,,,0.012286000000,  -0.05840,
,,,0.012287000000,  -0.05840,
,,,0.012288000000,  -0.05840,
,,,0.012289000000,  -0.05840,
,,,0.012290000000,  -0.05760,
,,,0.012291000000,  -0.05760,
,,,0.012292000000,  -0.05840,
,,,0.012293000000,  -0.05760,
,,,0.012294000000,  -0.05680,
,,,0.012295000000,  -0.05760,
,,,0.012296000000,  -0.05840,
,,,0.012297000000,  -0.05760,
,,,0.012298000000,  -0.05680,
,,,0.012299000000,  -0.05760,
,,,0.012300000000,  -0.05760,
,,,0.012301000000,  -0.05680,
,,,0.012302000000,  -0.05760,
,,,0.012303000000,  -0.05680,
,,,0.012304000000,  -0.05680,
,,,0.012305000000,  -0.05760,
,,,0.012306000000,  -0.05680,
,,,0.012307000000,  -0.05680,
,,,0.012308000000,  -0.05680,
,,,0.012309000000,  -0.05600,
,,,0.012310000000,  -0.05520,
,,,0.012311000000,  -0.05600,
,,,0.012312000000,  -0.05520,
,,,0.012313000000,  -0.05600,
,,,0.012314000000,  -0.05520,
,,,0.012315000000,  -0.05520,
,,,0.012316000000,  -0.05520,
,,,0.012317000000,  -0.05520,
,,,0.012318000000,  -0.05520,
,,,0.012319000000,  -0.05520,
,,,0.012320000000,  -0.05440,
,,,0.012321000000,  -0.05440,
,,,0.012322000000,  -0.05440,
,,,0.012323000000,  -0.05360,
,,,0.012324000000,  -0.05440,
,,,0.012325000000,  -0.05360,
,,,0.012326000000,  -0.05360,
,,,0.012327000000,  -0.05280,
,,,0.012328000000,  -0.05280,
,,,0.012329000000,  -0.05360,
,,,0.012330000000,  -0.05360,
,,,0.012331000000,  -0.05360,
,,,0.012332000000,  -0.05200,
,,,0.012333000000,  -0.05280,
,,,0.012334000000,  -0.05200,
,,,0.012335000000,  -0.05200,
,,,0.012336000000,  -0.05120,
,,,0.012337000000,  -0.05200,
,,,0.012338000000,  -0.05120,
,,,0.012339000000,  -0.05120,
,,,0.012340000000,  -0.05200,
,,,0.012341000000,  -0.05200,
,,,0.012342000000,  -0.05120,
,,,0.012343000000,  -0.05040,
,,,0.012344000000,  -0.05120,
,,,0.012345000000,  -0.05040,
,,,0.012346000000,  -0.04960,
,,,0.012347000000,  -0.04960,
,,,0.012348000000,  -0.04960,
,,,0.012349000000,  -0.04960,
,,,0.012350000000,  -0.04960,
,,,0.012351000000,  -0.04960,
,,,0.012352000000,  -0.04960,
,,,0.012353000000,  -0.04880,
,,,0.012354000000,  -0.04880,
,,,0.012355000000,  -0.04800,
,,,0.012356000000,  -0.04800,
,,,0.012357000000,  -0.04880,
,,,0.012358000000,  -0.04800,
,,,0.012359000000,  -0.04800,
,,,0.012360000000,  -0.04640,
,,,0.012361000000,  -0.04720,
,,,0.012362000000,  -0.04720,
,,,0.012363000000,  -0.04640,
,,,0.012364000000,  -0.04720,
,,,0.012365000000,  -0.04640,
,,,0.012366000000,  -0.04640,
,,,0.012367000000,  -0.04560,
,,,0.012368000000,  -0.04480,
,,,0.012369000000,  -0.04480,
,,,0.012370000000,  -0.04560,
,,,0.012371000000,  -0.04480,
,,,0.012372000000,  -0.04480,
,,,0.012373000000,  -0.04400,
,,,0.012374000000,  -0.04480,
,,,0.012375000000,  -0.04400,
,,,0.012376000000,  -0.04320,
,,,0.012377000000,  -0.04320,
,,,0.012378000000,  -0.04320,
,,,0.012379000000,  -0.04320,
,,,0.012380000000,  -0.04240,
,,,0.012381000000,  -0.04320,
,,,0.012382000000,  -0.04240,
,,,0.012383000000,  -0.04160,
,,,0.012384000000,  -0.04160,
,,,0.012385000000,  -0.04160,
,,,0.012386000000,  -0.04080,
,,,0.012387000000,  -0.04080,
,,,0.012388000000,  -0.04080,
,,,0.012389000000,  -0.04000,
,,,0.012390000000,  -0.04000,
,,,0.012391000000,  -0.03920,
,,,0.012392000000,  -0.04000,
,,,0.012393000000,  -0.03920,
,,,0.012394000000,  -0.03840,
,,,0.012395000000,  -0.03840,
,,,0.012396000000,  -0.03840,
,,,0.012397000000,  -0.03760,
,,,0.012398000000,  -0.03920,
,,,0.012399000000,  -0.03680,
,,,0.012400000000,  -0.03760,
,,,0.012401000000,  -0.03680,
,,,0.012402000000,  -0.03600,
,,,0.012403000000,  -0.03680,
,,,0.012404000000,  -0.03680,
,,,0.012405000000,  -0.03520,
,,,0.012406000000,  -0.03440,
,,,0.012407000000,  -0.03520,
,,,0.012408000000,  -0.03440,
,,,0.012409000000,  -0.03520,
,,,0.012410000000,  -0.03440,
,,,0.012411000000,  -0.03440,
,,,0.012412000000,  -0.03360,
,,,0.012413000000,  -0.03280,
,,,0.012414000000,  -0.03200,
,,,0.012415000000,  -0.03280,
,,,0.012416000000,  -0.03200,
,,,0.012417000000,  -0.03200,
,,,0.012418000000,  -0.03280,
,,,0.012419000000,  -0.03040,
,,,0.012420000000,  -0.03120,
,,,0.012421000000,  -0.03120,
,,,0.012422000000,  -0.03120,
,,,0.012423000000,  -0.02960,
,,,0.012424000000,  -0.02880,
,,,0.012425000000,  -0.03040,
,,,0.012426000000,  -0.02800,
,,,0.012427000000,  -0.02880,
,,,0.012428000000,  -0.02800,
,,,0.012429000000,  -0.02800,
,,,0.012430000000,  -0.02720,
,,,0.012431000000,  -0.02720,
,,,0.012432000000,  -0.02640,
,,,0.012433000000,  -0.02800,
,,,0.012434000000,  -0.02640,
,,,0.012435000000,  -0.02640,
,,,0.012436000000,  -0.02640,
,,,0.012437000000,  -0.02560,
,,,0.012438000000,  -0.02480,
,,,0.012439000000,  -0.02560,
,,,0.012440000000,  -0.02400,
,,,0.012441000000,  -0.02400,
,,,0.012442000000,  -0.02240,
,,,0.012443000000,  -0.02240,
,,,0.012444000000,  -0.02320,
,,,0.012445000000,  -0.02240,
,,,0.012446000000,  -0.02240,
,,,0.012447000000,  -0.02240,
,,,0.012448000000,  -0.02160,
,,,0.012449000000,  -0.02080,
,,,0.012450000000,  -0.02000,
,,,0.012451000000,  -0.02080,
,,,0.012452000000,  -0.01920,
,,,0.012453000000,  -0.02000,
,,,0.012454000000,  -0.01920,
,,,0.012455000000,  -0.01760,
,,,0.012456000000,  -0.01840,
,,,0.012457000000,  -0.01680,
,,,0.012458000000,  -0.01840,
,,,0.012459000000,  -0.01680,
,,,0.012460000000,  -0.01600,
,,,0.012461000000,  -0.01680,
,,,0.012462000000,  -0.01600,
,,,0.012463000000,  -0.01520,
,,,0.012464000000,  -0.01520,
,,,0.012465000000,  -0.01440,
,,,0.012466000000,  -0.01440,
,,,0.012467000000,  -0.01440,
,,,0.012468000000,  -0.01360,
,,,0.012469000000,  -0.01280,
,,,0.012470000000,  -0.01360,
,,,0.012471000000,  -0.01200,
,,,0.012472000000,  -0.01280,
,,,0.012473000000,  -0.01120,
,,,0.012474000000,  -0.01040,
,,,0.012475000000,  -0.01120,
,,,0.012476000000,  -0.00960,
,,,0.012477000000,  -0.00960,
,,,0.012478000000,  -0.00880,
,,,0.012479000000,  -0.00880,
,,,0.012480000000,  -0.00880,
,,,0.012481000000,  -0.00800,
,,,0.012482000000,  -0.00720,
,,,0.012483000000,  -0.00720,
,,,0.012484000000,  -0.00640,
,,,0.012485000000,  -0.00560,
,,,0.012486000000,  -0.00640,
,,,0.012487000000,  -0.00560,
,,,0.012488000000,  -0.00560,
,,,0.012489000000,  -0.00400,
,,,0.012490000000,  -0.00480,
,,,0.012491000000,  -0.00400,
,,,0.012492000000,  -0.00240,
,,,0.012493000000,  -0.00320,
,,,0.012494000000,  -0.00240,
,,,0.012495000000,  -0.00160,
,,,0.012496000000,  -0.00240,
,,,0.012497000000,  -0.00160,
,,,0.012498000000,  -0.00080,
,,,0.012499000000,   0.00000,
,,,0.012500000000,   0.00000,
,,,0.012501000000,   0.00080,
,,,0.012502000000,   0.00160,
,,,0.012503000000,   0.00080,
,,,0.012504000000,   0.00240,
,,,0.012505000000,   0.00240,
,,,0.012506000000,   0.00240,
,,,0.012507000000,   0.00240,
,,,0.012508000000,   0.00400,
,,,0.012509000000,   0.00480,
,,,0.012510000000,   0.00560,
,,,0.012511000000,   0.00480,
,,,0.012512000000,   0.00640,
,,,0.012513000000,   0.00480,
,,,0.012514000000,   0.00640,
,,,0.012515000000,   0.00720,
,,,0.012516000000,   0.00800,
,,,0.012517000000,   0.00800,
,,,0.012518000000,   0.00880,
,,,0.012519000000,   0.00960,
,,,0.012520000000,   0.00960,
,,,0.012521000000,   0.00960,
,,,0.012522000000,   0.01120,
,,,0.012523000000,   0.01120,
,,,0.012524000000,   0.01040,
,,,0.012525000000,   0.01120,
,,,0.012526000000,   0.01360,
,,,0.012527000000,   0.01280,
,,,0.012528000000,   0.01280,
,,,0.012529000000,   0.01280,
,,,0.012530000000,   0.01520,
,,,0.012531000000,   0.01440,
,,,0.012532000000,   0.01520,
,,,0.012533000000,   0.01520,
,,,0.012534000000,   0.01600,
,,,0.012535000000,   0.01680,
,,,0.012536000000,   0.01680,
,,,0.012537000000,   0.01680,
,,,0.012538000000,   0.01760,
,,,0.012539000000,   0.01840,
,,,0.012540000000,   0.01920,
,,,0.012541000000,   0.01920,
,,,0.012542000000,   0.02000,
,,,0.012543000000,   0.02000,
,,,0.012544000000,   0.02000,
,,,0.012545000000,   0.02080,
,,,0.012546000000,   0.02160,
,,,0.012547000000,   0.02160,
,,,0.012548000000,   0.02160,
,,,0.012549000000,   0.02240,
,,,0.012550000000,   0.02320,
,,,0.012551000000,   0.02400,
,,,0.012552000000,   0.02320,
,,,0.012553000000,   0.02320,
,,,0.012554000000,   0.02400,
,,,0.012555000000,   0.02480,
,,,0.012556000000,   0.02480,
,,,0.012557000000,   0.02480,
,,,0.012558000000,   0.02640,
,,,0.012559000000,   0.02640,
,,,0.012560000000,   0.02720,
,,,0.012561000000,   0.02640,
,,,0.012562000000,   0.02720,
,,,0.012563000000,   0.02640,
,,,0.012564000000,   0.02720,
,,,0.012565000000,   0.02800,
,,,0.012566000000,   0.02880,
,,,0.012567000000,   0.02960,
,,,0.012568000000,   0.03040,
,,,0.012569000000,   0.03040,
,,,0.012570000000,   0.03040,
,,,0.012571000000,   0.03120,
,,,0.012572000000,   0.03120,
,,,0.012573000000,   0.03120,
,,,0.012574000000,   0.03120,
,,,0.012575000000,   0.03200,
,,,0.012576000000,   0.03200,
,,,0.012577000000,   0.03280,
,,,0.012578000000,   0.03360,
,,,0.012579000000,   0.03360,
,,,0.012580000000,   0.03280,
,,,0.012581000000,   0.03440,
,,,0.012582000000,   0.03440,
,,,0.012583000000,   0.03440,
,,,0.012584000000,   0.03440,
,,,0.012585000000,   0.03520,
,,,0.012586000000,   0.03680,
,,,0.012587000000,   0.03520,
,,,0.012588000000,   0.03600,
,,,0.012589000000,   0.03680,
,,,0.012590000000,   0.03680,
,,,0.012591000000,   0.03680,
,,,0.012592000000,   0.03680,
,,,0.012593000000,   0.03760,
,,,0.012594000000,   0.03840,
,,,0.012595000000,   0.03840,
,,,0.012596000000,   0.03920,
,,,0.012597000000,   0.03920,
,,,0.012598000000,   0.03920,
,,,0.012599000000,   0.04000,
,,,0.012600000000,   0.04000,
,,,0.012601000000,   0.04000,
,,,0.012602000000,   0.04000,
,,,0.012603000000,   0.04080,
,,,0.012604000000,   0.04160,
,,,0.012605000000,   0.04160,
,,,0.012606000000,   0.04160,
,,,0.012607000000,   0.04240,
,,,0.012608000000,   0.04240,
,,,0.012609000000,   0.04160,
,,,0.012610000000,   0.04240,
,,,0.012611000000,   0.04240,
,,,0.012612000000,   0.04240,
,,,0.012613000000,   0.04400,
,,,0.012614000000,   0.04320,
,,,0.012615000000,   0.04320,
,,,0.012616000000,   0.04480,
,,,0.012617000000,   0.04400,
,,,0.012618000000,   0.04480,
,,,0.012619000000,   0.04480,
,,,0.012620000000,   0.04400,
,,,0.012621000000,   0.04480,
,,,0.012622000000,   0.04560,
,,,0.012623000000,   0.04480,
,,,0.012624000000,   0.04640,
,,,0.012625000000,   0.04640,
,,,0.012626000000,   0.04640,
,,,0.012627000000,   0.04640,
,,,0.012628000000,   0.04720,
,,,0.012629000000,   0.04720,
,,,0.012630000000,   0.04720,
,,,0.012631000000,   0.04720,
,,,0.012632000000,   0.04800,
,,,0.012633000000,   0.04880,
,,,0.012634000000,   0.04880,
,,,0.012635000000,   0.04880,
,,,0.012636000000,   0.04880,
,,,0.012637000000,   0.04880,
,,,0.012638000000,   0.04960,
,,,0.012639000000,   0.04960,
,,,0.012640000000,   0.05040,
,,,0.012641000000,   0.05040,
,,,0.012642000000,   0.05040,
,,,0.012643000000,   0.04960,
,,,0.012644000000,   0.05040,
,,,0.012645000000,   0.04960,
,,,0.012646000000,   0.04960,
,,,0.012647000000,   0.05120,
,,,0.012648000000,   0.05120,
,,,0.012649000000,   0.05120,
,,,0.012650000000,   0.05040,
,,,0.012651000000,   0.05280,
,,,0.012652000000,   0.05200,
,,,0.012653000000,   0.05200,
,,,0.012654000000,   0.05280,
,,,0.012655000000,   0.05200,
,,,0.012656000000,   0.05280,
,,,0.012657000000,   0.05280,
,,,0.012658000000,   0.05200,
,,,0.012659000000,   0.05360,
,,,0.012660000000,   0.05360,
,,,0.012661000000,   0.05280,
,,,0.012662000000,   0.05360,
,,,0.012663000000,   0.05360,
,,,0.012664000000,   0.05440,
,,,0.012665000000,   0.05440,
,,,0.012666000000,   0.05440,
,,,0.012667000000,   0.05440,
,,,0.012668000000,   0.05520,
,,,0.012669000000,   0.05440,
,,,0.012670000000,   0.05440,
,,,0.012671000000,   0.05440,
,,,0.012672000000,   0.05520,
,,,0.012673000000,   0.05520,
,,,0.012674000000,   0.05440,
,,,0.012675000000,   0.05600,
,,,0.012676000000,   0.05600,
,,,0.012677000000,   0.05600,
,,,0.012678000000,   0.05600,
,,,0.012679000000,   0.05600,
,,,0.012680000000,   0.05600,
,,,0.012681000000,   0.05600,
,,,0.012682000000,   0.05520,
,,,0.012683000000,   0.05520,
,,,0.012684000000,   0.05760,
,,,0.012685000000,   0.05680,
,,,0.012686000000,   0.05680,
,,,0.012687000000,   0.05760,
,,,0.012688000000,   0.05760,
,,,0.012689000000,   0.05680,
,,,0.012690000000,   0.05760,
,,,0.012691000000,   0.05760,
,,,0.012692000000,   0.05680,
,,,0.012693000000,   0.05760,
,,,0.012694000000,   0.05840,
,,,0.012695000000,   0.05840,
,,,0.012696000000,   0.05760,
,,,0.012697000000,   0.05760,
,,,0.012698000000,   0.05760,
,,,0.012699000000,   0.05760,
,,,0.012700000000,   0.05760,
,,,0.012701000000,   0.05840,
,,,0.012702000000,   0.05760,
,,,0.012703000000,   0.05840,
,,,0.012704000000,   0.05840,
,,,0.012705000000,   0.05840,
,,,0.012706000000,   0.05840,
,,,0.012707000000,   0.05840,
,,,0.012708000000,   0.05920,
,,,0.012709000000,   0.05760,
,,,0.012710000000,   0.05920,
,,,0.012711000000,   0.06000,
,,,0.012712000000,   0.05840,
,,,0.012713000000,   0.05840,
,,,0.012714000000,   0.05920,
,,,0.012715000000,   0.05920,
,,,0.012716000000,   0.06000,
,,,0.012717000000,   0.06000,
,,,0.012718000000,   0.06000,
,,,0.012719000000,   0.05920,
,,,0.012720000000,   0.05840,
,,,0.012721000000,   0.05920,
,,,0.012722000000,   0.05920,
,,,0.012723000000,   0.06000,
,,,0.012724000000,   0.06000,
,,,0.012725000000,   0.06000,
,,,0.012726000000,   0.06080,
,,,0.012727000000,   0.06000,
,,,0.012728000000,   0.06000,
,,,0.012729000000,   0.05920,
,,,0.012730000000,   0.06000,
,,,0.012731000000,   0.06000,
,,,0.012732000000,   0.06000,
,,,0.012733000000,   0.06000,
,,,0.012734000000,   0.05920,
,,,0.012735000000,   0.05920,
,,,0.012736000000,   0.06000,
,,,0.012737000000,   0.06080,
,,,0.012738000000,   0.06000,
,,,0.012739000000,   0.05920,
,,,0.012740000000,   0.06000,
,,,0.012741000000,   0.06000,
,,,0.012742000000,   0.05920,
,,,0.012743000000,   0.06000,
,,,0.012744000000,   0.05920,
,,,0.012745000000,   0.06080,
,,,0.012746000000,   0.06080,
,,,0.012747000000,   0.06000,
,,,0.012748000000,   0.05920,
,,,0.012749000000,   0.06000,
,,,0.012750000000,   0.06000,
,,,0.012751000000,   0.06000,
,,,0.012752000000,   0.06080,
,,,0.012753000000,   0.06000,
,,,0.012754000000,   0.05920,
,,,0.012755000000,   0.05840,
,,,0.012756000000,   0.06080,
,,,0.012757000000,   0.06000,
,,,0.012758000000,   0.05920,
,,,0.012759000000,   0.05920,
,,,0.012760000000,   0.05920,
,,,0.012761000000,   0.06000,
,,,0.012762000000,   0.05920,
,,,0.012763000000,   0.05920,
,,,0.012764000000,   0.06000,
,,,0.012765000000,   0.05920,
,,,0.012766000000,   0.06000,
,,,0.012767000000,   0.05920,
,,,0.012768000000,   0.05920,
,,,0.012769000000,   0.05920,
,,,0.012770000000,   0.05920,
,,,0.012771000000,   0.05840,
,,,0.012772000000,   0.05920,
,,,0.012773000000,   0.06000,
,,,0.012774000000,   0.05840,
,,,0.012775000000,   0.05920,
,,,0.012776000000,   0.05840,
,,,0.012777000000,   0.05920,
,,,0.012778000000,   0.05840,
,,,0.012779000000,   0.05920,
,,,0.012780000000,   0.05840,
,,,0.012781000000,   0.05840,
,,,0.012782000000,   0.05840,
,,,0.012783000000,   0.05840,
,,,0.012784000000,   0.05840,
,,,0.012785000000,   0.05840,
,,,0.012786000000,   0.05920,
,,,0.012787000000,   0.05840,
,,,0.012788000000,   0.05840,
,,,0.012789000000,   0.05920,
,,,0.012790000000,   0.05760,
,,,0.012791000000,   0.05840,
,,,0.012792000000,   0.05680,
,,,0.012793000000,   0.05760,
,,,0.012794000000,   0.05680,
,,,0.012795000000,   0.05680,
,,,0.012796000000,   0.05680,
,,,0.012797000000,   0.05600,
,,,0.012798000000,   0.05680,
,,,0.012799000000,   0.05680,
,,,0.012800000000,   0.05680,
,,,0.012801000000,   0.05600,
,,,0.012802000000,   0.05680,
,,,0.012803000000,   0.05680,
,,,0.012804000000,   0.05600,
,,,0.012805000000,   0.05600,
,,,0.012806000000,   0.05600,
,,,0.012807000000,   0.05520,
,,,0.012808000000,   0.05600,
,,,0.012809000000,   0.05520,
,,,0.012810000000,   0.05600,
,,,0.012811000000,   0.05520,
,,,0.012812000000,   0.05520,
,,,0.012813000000,   0.05520,
,,,0.012814000000,   0.05440,
,,,0.012815000000,   0.05520,
,,,0.012816000000,   0.05440,
,,,0.012817000000,   0.05520,
,,,0.012818000000,   0.05360,
,,,0.012819000000,   0.05440,
,,,0.012820000000,   0.05440,
,,,0.012821000000,   0.05440,
,,,0.012822000000,   0.05440,
,,,0.012823000000,   0.05440,
,,,0.012824000000,   0.05360,
,,,0.012825000000,   0.05360,
,,,0.012826000000,   0.05360,
,,,0.012827000000,   0.05280,
,,,0.012828000000,   0.05280,
,,,0.012829000000,   0.05360,
,,,0.012830000000,   0.05280,
,,,0.012831000000,   0.05200,
,,,0.012832000000,   0.05040,
,,,0.012833000000,   0.05360,
,,,0.012834000000,   0.05120,
,,,0.012835000000,   0.05200,
,,,0.012836000000,   0.05200,
,,,0.012837000000,   0.05120,
,,,0.012838000000,   0.05120,
,,,0.012839000000,   0.05040,
,,,0.012840000000,   0.05120,
,,,0.012841000000,   0.05040,
,,,0.012842000000,   0.05040,
,,,0.012843000000,   0.04960,
,,,0.012844000000,   0.05040,
,,,0.012845000000,   0.04960,
,,,0.012846000000,   0.05040,
,,,0.012847000000,   0.05040,
,,,0.012848000000,   0.04960,
,,,0.012849000000,   0.04880,
,,,0.012850000000,   0.04880,
,,,0.012851000000,   0.04800,
,,,0.012852000000,   0.04880,
,,,0.012853000000,   0.04800,
,,,0.012854000000,   0.04720,
,,,0.012855000000,   0.04720,
,,,0.012856000000,   0.04800,
,,,0.012857000000,   0.04880,
,,,0.012858000000,   0.04800,
,,,0.012859000000,   0.04720,
,,,0.012860000000,   0.04640,
,,,0.012861000000,   0.04640,
,,,0.012862000000,   0.04640,
,,,0.012863000000,   0.04640,
,,,0.012864000000,   0.04720,
,,,0.012865000000,   0.04560,
,,,0.012866000000,   0.04480,
,,,0.012867000000,   0.04560,
,,,0.012868000000,   0.04480,
,,,0.012869000000,   0.04480,
,,,0.012870000000,   0.04320,
,,,0.012871000000,   0.04400,
,,,0.012872000000,   0.04480,
,,,0.012873000000,   0.04320,
,,,0.012874000000,   0.04400,
,,,0.012875000000,   0.04400,
,,,0.012876000000,   0.04320,
,,,0.012877000000,   0.04320,
,,,0.012878000000,   0.04320,
,,,0.012879000000,   0.04240,
,,,0.012880000000,   0.04160,
,,,0.012881000000,   0.04160,
,,,0.012882000000,   0.04160,
,,,0.012883000000,   0.04240,
,,,0.012884000000,   0.04160,
,,,0.012885000000,   0.04080,
,,,0.012886000000,   0.04080,
,,,0.012887000000,   0.04080,
,,,0.012888000000,   0.04080,
,,,0.012889000000,   0.04000,
,,,0.012890000000,   0.03920,
,,,0.012891000000,   0.03920,
,,,0.012892000000,   0.03920,
,,,0.012893000000,   0.03840,
,,,0.012894000000,   0.03760,
,,,0.012895000000,   0.03840,
,,,0.012896000000,   0.03840,
,,,0.012897000000,   0.03760,
,,,0.012898000000,   0.03760,
,,,0.012899000000,   0.03680,
,,,0.012900000000,   0.03680,
,,,0.012901000000,   0.03680,
,,,0.012902000000,   0.03600,
,,,0.012903000000,   0.03600,
,,,0.012904000000,   0.03520,
,,,0.012905000000,   0.03520,
,,,0.012906000000,   0.03520,
,,,0.012907000000,   0.03440,
,,,0.012908000000,   0.03440,
,,,0.012909000000,   0.03440,
,,,0.012910000000,   0.03360,
,,,0.012911000000,   0.03440,
,,,0.012912000000,   0.03280,
,,,0.012913000000,   0.03280,
,,,0.012914000000,   0.03120,
,,,0.012915000000,   0.03200,
,,,0.012916000000,   0.03120,
,,,0.012917000000,   0.03120,
,,,0.012918000000,   0.03120,
,,,0.012919000000,   0.02960,
,,,0.012920000000,   0.03120,
,,,0.012921000000,   0.03040,
,,,0.012922000000,   0.02960,
,,,0.012923000000,   0.02880,
,,,0.012924000000,   0.02880,
,,,0.012925000000,   0.02880,
,,,0.012926000000,   0.02800,
,,,0.012927000000,   0.02800,
,,,0.012928000000,   0.02720,
,,,0.012929000000,   0.02720,
,,,0.012930000000,   0.02640,
,,,0.012931000000,   0.02720,
,,,0.012932000000,   0.02640,
,,,0.012933000000,   0.02720,
,,,0.012934000000,   0.02560,
,,,0.012935000000,   0.02560,
,,,0.012936000000,   0.02560,
,,,0.012937000000,   0.02480,
,,,0.012938000000,   0.02480,
,,,0.012939000000,   0.02400,
,,,0.012940000000,   0.02320,
,,,0.012941000000,   0.02320,
,,,0.012942000000,   0.02320,
,,,0.012943000000,   0.02240,
,,,0.012944000000,   0.02320,
,,,0.012945000000,   0.02160,
,,,0.012946000000,   0.02080,
,,,0.012947000000,   0.02080,
,,,0.012948000000,   0.02080,
,,,0.012949000000,   0.02080,
,,,0.012950000000,   0.02080,
,,,0.012951000000,   0.02080,
,,,0.012952000000,   0.01920,
,,,0.012953000000,   0.01920,
,,,0.012954000000,   0.01840,
,,,0.012955000000,   0.01760,
,,,0.012956000000,   0.01760,
,,,0.012957000000,   0.01760,
,,,0.012958000000,   0.01680,
,,,0.012959000000,   0.01680,
,,,0.012960000000,   0.01600,
,,,0.012961000000,   0.01600,
,,,0.012962000000,   0.01520,
,,,0.012963000000,   0.01360,
,,,0.012964000000,   0.01520,
,,,0.012965000000,   0.01440,
,,,0.012966000000,   0.01280,
,,,0.012967000000,   0.01280,
,,,0.012968000000,   0.01200,
,,,0.012969000000,   0.01280,
,,,0.012970000000,   0.01280,
,,,0.012971000000,   0.01040,
,,,0.012972000000,   0.01120,
,,,0.012973000000,   0.01120,
,,,0.012974000000,   0.01040,
,,,0.012975000000,   0.00960,
,,,0.012976000000,   0.00880,
,,,0.012977000000,   0.00880,
,,,0.012978000000,   0.00880,
,,,0.012979000000,   0.00720,
,,,0.012980000000,   0.00800,
,,,0.012981000000,   0.00880,
,,,0.012982000000,   0.00720,
,,,0.012983000000,   0.00640,
,,,0.012984000000,   0.00640,
,,,0.012985000000,   0.00640,
,,,0.012986000000,   0.00480,
,,,0.012987000000,   0.00400,
,,,0.012988000000,   0.00480,
,,,0.012989000000,   0.00320,
,,,0.012990000000,   0.00400,
,,,0.012991000000,   0.00240,
,,,0.012992000000,   0.00320,
,,,0.012993000000,   0.00240,
,,,0.012994000000,   0.00080,
,,,0.012995000000,   0.00160,
,,,0.012996000000,   0.00080,
,,,0.012997000000,   0.00000,
,,,0.012998000000,   0.00080,
,,,0.012999000000,   0.00000,
,,,0.013000000000,  -0.00080,
,,,0.013001000000,  -0.00160,
,,,0.013002000000,  -0.00240,
,,,0.013003000000,  -0.00320,
,,,0.013004000000,  -0.00240,
,,,0.013005000000,  -0.00320,
,,,0.013006000000,  -0.00480,
,,,0.013007000000,  -0.00480,
,,,0.013008000000,  -0.00400,
,,,0.013009000000,  -0.00480,
,,,0.013010000000,  -0.00560,
,,,0.013011000000,  -0.00560,
,,,0.013012000000,  -0.00640,
,,,0.013013000000,  -0.00720,
,,,0.013014000000,  -0.00720,
,,,0.013015000000,  -0.00880,
,,,0.013016000000,  -0.00960,
,,,0.013017000000,  -0.00880,
,,,0.013018000000,  -0.00960,
,,,0.013019000000,  -0.00960,
,,,0.013020000000,  -0.00960,
,,,0.013021000000,  -0.01040,
,,,0.013022000000,  -0.01120,
,,,0.013023000000,  -0.01200,
,,,0.013024000000,  -0.01200,
,,,0.013025000000,  -0.01280,
,,,0.013026000000,  -0.01360,
,,,0.013027000000,  -0.01360,
,,,0.013028000000,  -0.01440,
,,,0.013029000000,  -0.01440,
,,,0.013030000000,  -0.01520,
,,,0.013031000000,  -0.01520,
,,,0.013032000000,  -0.01520,
,,,0.013033000000,  -0.01600,
,,,0.013034000000,  -0.01760,
,,,0.013035000000,  -0.01760,
,,,0.013036000000,  -0.01760,
,,,0.013037000000,  -0.01840,
,,,0.013038000000,  -0.01840,
,,,0.013039000000,  -0.01920,
,,,0.013040000000,  -0.02000,
,,,0.013041000000,  -0.01920,
,,,0.013042000000,  -0.02080,
,,,0.013043000000,  -0.02080,
,,,0.013044000000,  -0.02080,
,,,0.013045000000,  -0.02080,
,,,0.013046000000,  -0.02240,
,,,0.013047000000,  -0.02160,
,,,0.013048000000,  -0.02240,
,,,0.013049000000,  -0.02240,
,,,0.013050000000,  -0.02400,
,,,0.013051000000,  -0.02400,
,,,0.013052000000,  -0.02560,
,,,0.013053000000,  -0.02480,
,,,0.013054000000,  -0.02480,
,,,0.013055000000,  -0.02480,
,,,0.013056000000,  -0.02640,
,,,0.013057000000,  -0.02720,
,,,0.013058000000,  -0.02640,
,,,0.013059000000,  -0.02720,
,,,0.013060000000,  -0.02720,
,,,0.013061000000,  -0.02800,
,,,0.013062000000,  -0.02800,
,,,0.013063000000,  -0.02880,
,,,0.013064000000,  -0.02880,
,,,0.013065000000,  -0.02880,
,,,0.013066000000,  -0.03040,
,,,0.013067000000,  -0.03040,
,,,0.013068000000,  -0.03040,
,,,0.013069000000,  -0.03040,
,,,0.013070000000,  -0.03120,
,,,0.013071000000,  -0.03120,
,,,0.013072000000,  -0.03280,
,,,0.013073000000,  -0.03280,
,,,0.013074000000,  -0.03280,
,,,0.013075000000,  -0.03280,
,,,0.013076000000,  -0.03280,
,,,0.013077000000,  -0.03280,
,,,0.013078000000,  -0.03440,
,,,0.013079000000,  -0.03360,
,,,0.013080000000,  -0.03520,
,,,0.013081000000,  -0.03520,
,,,0.013082000000,  -0.03520,
,,,0.013083000000,  -0.03600,
,,,0.013084000000,  -0.03600,
,,,0.013085000000,  -0.03600,
,,,0.013086000000,  -0.03680,
,,,0.013087000000,  -0.03680,
,,,0.013088000000,  -0.03600,
,,,0.013089000000,  -0.03680,
,,,0.013090000000,  -0.03840,
,,,0.013091000000,  -0.03760,
,,,0.013092000000,  -0.03840,
,,,0.013093000000,  -0.03840,
,,,0.013094000000,  -0.03840,
,,,0.013095000000,  -0.03920,
,,,0.013096000000,  -0.04000,
,,,0.013097000000,  -0.03920,
,,,0.013098000000,  -0.04080,
,,,0.013099000000,  -0.04000,
,,,0.013100000000,  -0.04080,
,,,0.013101000000,  -0.04240,
,,,0.013102000000,  -0.04160,
,,,0.013103000000,  -0.04240,
,,,0.013104000000,  -0.04240,
,,,0.013105000000,  -0.04080,
,,,0.013106000000,  -0.04240,
,,,0.013107000000,  -0.04240,
,,,0.013108000000,  -0.04320,
,,,0.013109000000,  -0.04320,
,,,0.013110000000,  -0.04320,
,,,0.013111000000,  -0.04320,
,,,0.013112000000,  -0.04400,
,,,0.013113000000,  -0.04400,
,,,0.013114000000,  -0.04480,
,,,0.013115000000,  -0.04480,
,,,0.013116000000,  -0.04560,
,,,0.013117000000,  -0.04560,
,,,0.013118000000,  -0.04560,
,,,0.013119000000,  -0.04640,
,,,0.013120000000,  -0.04560,
,,,0.013121000000,  -0.04640,
,,,0.013122000000,  -0.04640,
,,,0.013123000000,  -0.04640,
,,,0.013124000000,  -0.04720,
,,,0.013125000000,  -0.04800,
,,,0.013126000000,  -0.04800,
,,,0.013127000000,  -0.04800,
,,,0.013128000000,  -0.04720,
,,,0.013129000000,  -0.04720,
,,,0.013130000000,  -0.04720,
,,,0.013131000000,  -0.04880,
,,,0.013132000000,  -0.04880,
,,,0.013133000000,  -0.04960,
,,,0.013134000000,  -0.04880,
,,,0.013135000000,  -0.04880,
,,,0.013136000000,  -0.04960,
,,,0.013137000000,  -0.04960,
,,,0.013138000000,  -0.05040,
,,,0.013139000000,  -0.04960,
,,,0.013140000000,  -0.05120,
,,,0.013141000000,  -0.05120,
,,,0.013142000000,  -0.05040,
,,,0.013143000000,  -0.05120,
,,,0.013144000000,  -0.05120,
,,,0.013145000000,  -0.05120,
,,,0.013146000000,  -0.05120,
,,,0.013147000000,  -0.05120,
,,,0.013148000000,  -0.05200,
,,,0.013149000000,  -0.05200,
,,,0.013150000000,  -0.05200,
,,,0.013151000000,  -0.05280,
,,,0.013152000000,  -0.05200,
,,,0.013153000000,  -0.05280,
,,,0.013154000000,  -0.05360,
,,,0.013155000000,  -0.05280,
,,,0.013156000000,  -0.05360,
,,,0.013157000000,  -0.05360,
,,,0.013158000000,  -0.05360,
,,,0.013159000000,  -0.05360,
,,,0.013160000000,  -0.05440,
,,,0.013161000000,  -0.05520,
,,,0.013162000000,  -0.05440,
,,,0.013163000000,  -0.05440,
,,,0.013164000000,  -0.05520,
,,,0.013165000000,  -0.05440,
,,,0.013166000000,  -0.05520,
,,,0.013167000000,  -0.05520,
,,,0.013168000000,  -0.05520,
,,,0.013169000000,  -0.05600,
,,,0.013170000000,  -0.05600,
,,,0.013171000000,  -0.05520,
,,,0.013172000000,  -0.05680,
,,,0.013173000000,  -0.05600,
,,,0.013174000000,  -0.05600,
,,,0.013175000000,  -0.05680,
,,,0.013176000000,  -0.05600,
,,,0.013177000000,  -0.05680,
,,,0.013178000000,  -0.05680,
,,,0.013179000000,  -0.05680,
,,,0.013180000000,  -0.05680,
,,,0.013181000000,  -0.05680,
,,,0.013182000000,  -0.05680,
,,,0.013183000000,  -0.05680,
,,,0.013184000000,  -0.05680,
,,,0.013185000000,  -0.05680,
,,,0.013186000000,  -0.05680,
,,,0.013187000000,  -0.05760,
,,,0.013188000000,  -0.05760,
,,,0.013189000000,  -0.05760,
,,,0.013190000000,  -0.05840,
,,,0.013191000000,  -0.05920,
,,,0.013192000000,  -0.05760,
,,,0.013193000000,  -0.05840,
,,,0.013194000000,  -0.05840,
,,,0.013195000000,  -0.05840,
,,,0.013196000000,  -0.05840,
,,,0.013197000000,  -0.05920,
,,,0.013198000000,  -0.05920,
,,,0.013199000000,  -0.05840,
,,,0.013200000000,  -0.05760,
,,,0.013201000000,  -0.05920,
,,,0.013202000000,  -0.05920,
,,,0.013203000000,  -0.05920,
,,,0.013204000000,  -0.06000,
,,,0.013205000000,  -0.06000,
,,,0.013206000000,  -0.05920,
,,,0.013207000000,  -0.05920,
,,,0.013208000000,  -0.06000,
,,,0.013209000000,  -0.05920,
,,,0.013210000000,  -0.06000,
,,,0.013211000000,  -0.05920,
,,,0.013212000000,  -0.05840,
,,,0.013213000000,  -0.06000,
,,,0.013214000000,  -0.05920,
,,,0.013215000000,  -0.06000,
,,,0.013216000000,  -0.05920,
,,,0.013217000000,  -0.06080,
,,,0.013218000000,  -0.06000,
,,,0.013219000000,  -0.06000,
,,,0.013220000000,  -0.05920,
,,,0.013221000000,  -0.06080,
,,,0.013222000000,  -0.06000,
,,,0.013223000000,  -0.06080,
,,,0.013224000000,  -0.06000,
,,,0.013225000000,  -0.06000,
,,,0.013226000000,  -0.06000,
,,,0.013227000000,  -0.06000,
,,,0.013228000000,  -0.06000,
,,,0.013229000000,  -0.05920,
,,,0.013230000000,  -0.06080,
,,,0.013231000000,  -0.06080,
,,,0.013232000000,  -0.06000,
,,,0.013233000000,  -0.06080,
,,,0.013234000000,  -0.06080,
,,,0.013235000000,  -0.06080,
,,,0.013236000000,  -0.06080,
,,,0.013237000000,  -0.06000,
,,,0.013238000000,  -0.06000,
,,,0.013239000000,  -0.06080,
,,,0.013240000000,  -0.06080,
,,,0.013241000000,  -0.06000,
,,,0.013242000000,  -0.06160,
,,,0.013243000000,  -0.06000,
,,,0.013244000000,  -0.06080,
,,,0.013245000000,  -0.06080,
,,,0.013246000000,  -0.06000,
,,,0.013247000000,  -0.05920,
,,,0.013248000000,  -0.06080,
,,,0.013249000000,  -0.06080,
,,,0.013250000000,  -0.06080,
,,,0.013251000000,  -0.06000,
,,,0.013252000000,  -0.06000,
,,,0.013253000000,  -0.06000,
,,,0.013254000000,  -0.06080,
,,,0.013255000000,  -0.06000,
,,,0.013256000000,  -0.06080,
,,,0.013257000000,  -0.06000,
,,,0.013258000000,  -0.05920,
,,,0.013259000000,  -0.06000,
,,,0.013260000000,  -0.06080,
,,,0.013261000000,  -0.05920,
,,,0.013262000000,  -0.05920,
,,,0.013263000000,  -0.06000,
,,,0.013264000000,  -0.05920,
,,,0.013265000000,  -0.05920,
,,,0.013266000000,  -0.06000,
,,,0.013267000000,  -0.06000,
,,,0.013268000000,  -0.06000,
,,,0.013269000000,  -0.05920,
,,,0.013270000000,  -0.06080,
,,,0.013271000000,  -0.06000,
,,,0.013272000000,  -0.05920,
,,,0.013273000000,  -0.05920,
,,,0.013274000000,  -0.05920,
,,,0.013275000000,  -0.05920,
,,,0.013276000000,  -0.05840,
,,,0.013277000000,  -0.05840,
,,,0.013278000000,  -0.05840,
,,,0.013279000000,  -0.05920,
,,,0.013280000000,  -0.06000,
,,,0.013281000000,  -0.05920,
,,,0.013282000000,  -0.05840,
,,,0.013283000000,  -0.05920,
,,,0.013284000000,  -0.05920,
,,,0.013285000000,  -0.05840,
,,,0.013286000000,  -0.05840,
,,,0.013287000000,  -0.05840,
,,,0.013288000000,  -0.05840,
,,,0.013289000000,  -0.05840,
,,,0.013290000000,  -0.05760,
,,,0.013291000000,  -0.05840,
,,,0.013292000000,  -0.05760,
,,,0.013293000000,  -0.05680,
,,,0.013294000000,  -0.05840,
,,,0.013295000000,  -0.05680,
,,,0.013296000000,  -0.05760,
,,,0.013297000000,  -0.05760,
,,,0.013298000000,  -0.05760,
,,,0.013299000000,  -0.05680,
,,,0.013300000000,  -0.05760,
,,,0.013301000000,  -0.05680,
,,,0.013302000000,  -0.05680,
,,,0.013303000000,  -0.05680,
,,,0.013304000000,  -0.05600,
,,,0.013305000000,  -0.05680,
,,,0.013306000000,  -0.05680,
,,,0.013307000000,  -0.05600,
,,,0.013308000000,  -0.05680,
,,,0.013309000000,  -0.05600,
,,,0.013310000000,  -0.05600,
,,,0.013311000000,  -0.05600,
,,,0.013312000000,  -0.05680,
,,,0.013313000000,  -0.05600,
,,,0.013314000000,  -0.05600,
,,,0.013315000000,  -0.05520,
,,,0.013316000000,  -0.05520,
,,,0.013317000000,  -0.05440,
,,,0.013318000000,  -0.05600,
,,,0.013319000000,  -0.05520,
,,,0.013320000000,  -0.05520,
,,,0.013321000000,  -0.05440,
,,,0.013322000000,  -0.05440,
,,,0.013323000000,  -0.05440,
,,,0.013324000000,  -0.05440,
,,,0.013325000000,  -0.05440,
,,,0.013326000000,  -0.05440,
,,,0.013327000000,  -0.05440,
,,,0.013328000000,  -0.05280,
,,,0.013329000000,  -0.05360,
,,,0.013330000000,  -0.05360,
,,,0.013331000000,  -0.05360,
,,,0.013332000000,  -0.05280,
,,,0.013333000000,  -0.05280,
,,,0.013334000000,  -0.05280,
,,,0.013335000000,  -0.05360,
,,,0.013336000000,  -0.05280,
,,,0.013337000000,  -0.05200,
,,,0.013338000000,  -0.05040,
,,,0.013339000000,  -0.05120,
,,,0.013340000000,  -0.05120,
,,,0.013341000000,  -0.05120,
,,,0.013342000000,  -0.05120,
,,,0.013343000000,  -0.05040,
,,,0.013344000000,  -0.05040,
,,,0.013345000000,  -0.04960,
,,,0.013346000000,  -0.04960,
,,,0.013347000000,  -0.05040,
,,,0.013348000000,  -0.05040,
,,,0.013349000000,  -0.04960,
,,,0.013350000000,  -0.04880,
,,,0.013351000000,  -0.04960,
,,,0.013352000000,  -0.04960,
,,,0.013353000000,  -0.04960,
,,,0.013354000000,  -0.04960,
,,,0.013355000000,  -0.04880,
,,,0.013356000000,  -0.04880,
,,,0.013357000000,  -0.04800,
,,,0.013358000000,  -0.04800,
,,,0.013359000000,  -0.04720,
,,,0.013360000000,  -0.04800,
,,,0.013361000000,  -0.04640,
,,,0.013362000000,  -0.04800,
,,,0.013363000000,  -0.04640,
,,,0.013364000000,  -0.04640,
,,,0.013365000000,  -0.04720,
,,,0.013366000000,  -0.04560,
,,,0.013367000000,  -0.04640,
,,,0.013368000000,  -0.04640,
,,,0.013369000000,  -0.04480,
,,,0.013370000000,  -0.04560,
,,,0.013371000000,  -0.04480,
,,,0.013372000000,  -0.04400,
,,,0.013373000000,  -0.04480,
,,,0.013374000000,  -0.04320,
,,,0.013375000000,  -0.04400,
,,,0.013376000000,  -0.04320,
,,,0.013377000000,  -0.04400,
,,,0.013378000000,  -0.04320,
,,,0.013379000000,  -0.04240,
,,,0.013380000000,  -0.04320,
,,,0.013381000000,  -0.04240,
,,,0.013382000000,  -0.04160,
,,,0.013383000000,  -0.04240,
,,,0.013384000000,  -0.04160,
,,,0.013385000000,  -0.04080,
,,,0.013386000000,  -0.04080,
,,,0.013387000000,  -0.04080,
,,,0.013388000000,  -0.04080,
,,,0.013389000000,  -0.04080,
,,,0.013390000000,  -0.03920,
,,,0.013391000000,  -0.04000,
,,,0.013392000000,  -0.03920,
,,,0.013393000000,  -0.03920,
,,,0.013394000000,  -0.04000,
,,,0.013395000000,  -0.03840,
,,,0.013396000000,  -0.03840,
,,,0.013397000000,  -0.03840,
,,,0.013398000000,  -0.03760,
,,,0.013399000000,  -0.03680,
,,,0.013400000000,  -0.03680,
,,,0.013401000000,  -0.03760,
,,,0.013402000000,  -0.03680,
,,,0.013403000000,  -0.03600,
,,,0.013404000000,  -0.03600,
,,,0.013405000000,  -0.03600,
,,,0.013406000000,  -0.03520,
,,,0.013407000000,  -0.03520,
,,,0.013408000000,  -0.03520,
,,,0.013409000000,  -0.03360,
,,,0.013410000000,  -0.03520,
,,,0.013411000000,  -0.03360,
,,,0.013412000000,  -0.03360,
,,,0.013413000000,  -0.03280,
,,,0.013414000000,  -0.03280,
,,,0.013415000000,  -0.03280,
,,,0.013416000000,  -0.03200,
,,,0.013417000000,  -0.03200,
,,,0.013418000000,  -0.03200,
,,,0.013419000000,  -0.03120,
,,,0.013420000000,  -0.03120,
,,,0.013421000000,  -0.03040,
,,,0.013422000000,  -0.03040,
,,,0.013423000000,  -0.02960,
,,,0.013424000000,  -0.02880,
,,,0.013425000000,  -0.02960,
,,,0.013426000000,  -0.02880,
,,,0.013427000000,  -0.02800,
,,,0.013428000000,  -0.02800,
,,,0.013429000000,  -0.02720,
,,,0.013430000000,  -0.02800,
,,,0.013431000000,  -0.02720,
,,,0.013432000000,  -0.02720,
,,,0.013433000000,  -0.02720,
,,,0.013434000000,  -0.02640,
,,,0.013435000000,  -0.02640,
,,,0.013436000000,  -0.02400,
,,,0.013437000000,  -0.02480,
,,,0.013438000000,  -0.02480,
,,,0.013439000000,  -0.02400,
,,,0.013440000000,  -0.02400,
,,,0.013441000000,  -0.02320,
,,,0.013442000000,  -0.02400,
,,,0.013443000000,  -0.02320,
,,,0.013444000000,  -0.02240,
,,,0.013445000000,  -0.02240,
,,,0.013446000000,  -0.02240,
,,,0.013447000000,  -0.02080,
,,,0.013448000000,  -0.02160,
,,,0.013449000000,  -0.02000,
,,,0.013450000000,  -0.02080,
,,,0.013451000000,  -0.02080,
,,,0.013452000000,  -0.02000,
,,,0.013453000000,  -0.01920,
,,,0.013454000000,  -0.01840,
,,,0.013455000000,  -0.01840,
,,,0.013456000000,  -0.01840,
,,,0.013457000000,  -0.01760,
,,,0.013458000000,  -0.01840,
,,,0.013459000000,  -0.01760,
,,,0.013460000000,  -0.01680,
,,,0.013461000000,  -0.01680,
,,,0.013462000000,  -0.01680,
,,,0.013463000000,  -0.01520,
,,,0.013464000000,  -0.01520,
,,,0.013465000000,  -0.01440,
,,,0.013466000000,  -0.01520,
,,,0.013467000000,  -0.01360,
,,,0.013468000000,  -0.01360,
,,,0.013469000000,  -0.01440,
,,,0.013470000000,  -0.01280,
,,,0.013471000000,  -0.01280,
,,,0.013472000000,  -0.01280,
,,,0.013473000000,  -0.01200,
,,,0.013474000000,  -0.01200,
,,,0.013475000000,  -0.01120,
,,,0.013476000000,  -0.01120,
,,,0.013477000000,  -0.00960,
,,,0.013478000000,  -0.00880,
,,,0.013479000000,  -0.00880,
,,,0.013480000000,  -0.00880,
,,,0.013481000000,  -0.00800,
,,,0.013482000000,  -0.00800,
,,,0.013483000000,  -0.00800,
,,,0.013484000000,  -0.00640,
,,,0.013485000000,  -0.00640,
,,,0.013486000000,  -0.00560,
,,,0.013487000000,  -0.00560,
,,,0.013488000000,  -0.00560,
,,,0.013489000000,  -0.00560,
,,,0.013490000000,  -0.00480,
,,,0.013491000000,  -0.00400,
,,,0.013492000000,  -0.00320,
,,,0.013493000000,  -0.00320,
,,,0.013494000000,  -0.00240,
,,,0.013495000000,  -0.00080,
,,,0.013496000000,  -0.00160,
,,,0.013497000000,  -0.00080,
,,,0.013498000000,  -0.00080,
,,,0.013499000000,   0.00080,
,,,0.013500000000,   0.00080,
,,,0.013501000000,   0.00080,
,,,0.013502000000,   0.00160,
,,,0.013503000000,   0.00160,
,,,0.013504000000,   0.00240,
,,,0.013505000000,   0.00240,
,,,0.013506000000,   0.00320,
,,,0.013507000000,   0.00400,
,,,0.013508000000,   0.00400,
,,,0.013509000000,   0.00480,
,,,0.013510000000,   0.00480,
,,,0.013511000000,   0.00560,
,,,0.013512000000,   0.00560,
,,,0.013513000000,   0.00640,
,,,0.013514000000,   0.00640,
,,,0.013515000000,   0.00720,
,,,0.013516000000,   0.00800,
,,,0.013517000000,   0.00800,
,,,0.013518000000,   0.00880,
,,,0.013519000000,   0.00880,
,,,0.013520000000,   0.01040,
,,,0.013521000000,   0.01040,
,,,0.013522000000,   0.01040,
,,,0.013523000000,   0.01200,
,,,0.013524000000,   0.01280,
,,,0.013525000000,   0.01200,
,,,0.013526000000,   0.01200,
,,,0.013527000000,   0.01280,
,,,0.013528000000,   0.01280,
,,,0.013529000000,   0.01360,
,,,0.013530000000,   0.01440,
,,,0.013531000000,   0.01520,
,,,0.013532000000,   0.01440,
,,,0.013533000000,   0.01600,
,,,0.013534000000,   0.01520,
,,,0.013535000000,   0.01680,
,,,0.013536000000,   0.01760,
,,,0.013537000000,   0.01760,
,,,0.013538000000,   0.01840,
,,,0.013539000000,   0.01920,
,,,0.013540000000,   0.01920,
,,,0.013541000000,   0.02000,
,,,0.013542000000,   0.02000,
,,,0.013543000000,   0.02080,
,,,0.013544000000,   0.02080,
,,,0.013545000000,   0.02080,
,,,0.013546000000,   0.02080,
,,,0.013547000000,   0.02240,
,,,0.013548000000,   0.02160,
,,,0.013549000000,   0.02320,
,,,0.013550000000,   0.02320,
,,,0.013551000000,   0.02320,
,,,0.013552000000,   0.02320,
,,,0.013553000000,   0.02400,
,,,0.013554000000,   0.02400,
,,,0.013555000000,   0.02320,
,,,0.013556000000,   0.02480,
,,,0.013557000000,   0.02560,
,,,0.013558000000,   0.02560,
,,,0.013559000000,   0.02640,
,,,0.013560000000,   0.02720,
,,,0.013561000000,   0.02640,
,,,0.013562000000,   0.02720,
,,,0.013563000000,   0.02880,
,,,0.013564000000,   0.02880,
,,,0.013565000000,   0.02880,
,,,0.013566000000,   0.02880,
,,,0.013567000000,   0.02960,
,,,0.013568000000,   0.03040,
,,,0.013569000000,   0.03040,
,,,0.013570000000,   0.03120,
,,,0.013571000000,   0.02960,
,,,0.013572000000,   0.03120,
,,,0.013573000000,   0.03120,
,,,0.013574000000,   0.03120,
,,,0.013575000000,   0.03200,
,,,0.013576000000,   0.03200,
,,,0.013577000000,   0.03280,
,,,0.013578000000,   0.03280,
,,,0.013579000000,   0.03360,
,,,0.013580000000,   0.03280,
,,,0.013581000000,   0.03440,
,,,0.013582000000,   0.03440,
,,,0.013583000000,   0.03440,
,,,0.013584000000,   0.03440,
,,,0.013585000000,   0.03600,
,,,0.013586000000,   0.03600,
,,,0.013587000000,   0.03680,
,,,0.013588000000,   0.03680,
,,,0.013589000000,   0.03680,
,,,0.013590000000,   0.03600,
,,,0.013591000000,   0.03680,
,,,0.013592000000,   0.03760,
,,,0.013593000000,   0.03840,
,,,0.013594000000,   0.03920,
,,,0.013595000000,   0.03760,
,,,0.013596000000,   0.03920,
,,,0.013597000000,   0.04000,
,,,0.013598000000,   0.04000,
,,,0.013599000000,   0.03920,
,,,0.013600000000,   0.04000,
,,,0.013601000000,   0.04000,
,,,0.013602000000,   0.04080,
,,,0.013603000000,   0.03920,
,,,0.013604000000,   0.04080,
,,,0.013605000000,   0.04160,
,,,0.013606000000,   0.04160,
,,,0.013607000000,   0.04160,
,,,0.013608000000,   0.04240,
,,,0.013609000000,   0.04240,
,,,0.013610000000,   0.04240,
,,,0.013611000000,   0.04240,
,,,0.013612000000,   0.04240,
,,,0.013613000000,   0.04400,
,,,0.013614000000,   0.04400,
,,,0.013615000000,   0.04320,
,,,0.013616000000,   0.04400,
,,,0.013617000000,   0.04400,
,,,0.013618000000,   0.04480,
,,,0.013619000000,   0.04480,
,,,0.013620000000,   0.04480,
,,,0.013621000000,   0.04560,
,,,0.013622000000,   0.04560,
,,,0.013623000000,   0.04560,
,,,0.013624000000,   0.04640,
,,,0.013625000000,   0.04560,
,,,0.013626000000,   0.04640,
,,,0.013627000000,   0.04640,
,,,0.013628000000,   0.04720,
,,,0.013629000000,   0.04720,
,,,0.013630000000,   0.04800,
,,,0.013631000000,   0.04800,
,,,0.013632000000,   0.04800,
,,,0.013633000000,   0.04720,
,,,0.013634000000,   0.04880,
,,,0.013635000000,   0.04880,
,,,0.013636000000,   0.04800,
,,,0.013637000000,   0.04880,
,,,0.013638000000,   0.04880,
,,,0.013639000000,   0.05040,
,,,0.013640000000,   0.04960,
,,,0.013641000000,   0.04960,
,,,0.013642000000,   0.05040,
,,,0.013643000000,   0.05040,
,,,0.013644000000,   0.05120,
,,,0.013645000000,   0.05120,
,,,0.013646000000,   0.05120,
,,,0.013647000000,   0.05120,
,,,0.013648000000,   0.05200,
,,,0.013649000000,   0.05280,
,,,0.013650000000,   0.05040,
,,,0.013651000000,   0.05120,
,,,0.013652000000,   0.05200,
,,,0.013653000000,   0.05280,
,,,0.013654000000,   0.05200,
,,,0.013655000000,   0.05280,
,,,0.013656000000,   0.05200,
,,,0.013657000000,   0.05200,
,,,0.013658000000,   0.05280,
,,,0.013659000000,   0.05360,
,,,0.013660000000,   0.05360,
,,,0.013661000000,   0.05440,
,,,0.013662000000,   0.05360,
,,,0.013663000000,   0.05360,
,,,0.013664000000,   0.05440,
,,,0.013665000000,   0.05440,
,,,0.013666000000,   0.05440,
,,,0.013667000000,   0.05520,
,,,0.013668000000,   0.05440,
,,,0.013669000000,   0.05520,
,,,0.013670000000,   0.05520,
,,,0.013671000000,   0.05600,
,,,0.013672000000,   0.05520,
,,,0.013673000000,   0.05520,
,,,0.013674000000,   0.05520,
,,,0.013675000000,   0.05600,
,,,0.013676000000,   0.05520,
,,,0.013677000000,   0.05600,
,,,0.013678000000,   0.05520,
,,,0.013679000000,   0.05600,
,,,0.013680000000,   0.05680,
,,,0.013681000000,   0.05600,
,,,0.013682000000,   0.05680,
,,,0.013683000000,   0.05600,
,,,0.013684000000,   0.05600,
,,,0.013685000000,   0.05680,
,,,0.013686000000,   0.05680,
,,,0.013687000000,   0.05600,
,,,0.013688000000,   0.05680,
,,,0.013689000000,   0.05680,
,,,0.013690000000,   0.05680,
,,,0.013691000000,   0.05680,
,,,0.013692000000,   0.05680,
,,,0.013693000000,   0.05840,
,,,0.013694000000,   0.05600,
,,,0.013695000000,   0.05760,
,,,0.013696000000,   0.05840,
,,,0.013697000000,   0.05680,
,,,0.013698000000,   0.05760,
,,,0.013699000000,   0.05840,
,,,0.013700000000,   0.05760,
,,,0.013701000000,   0.05840,
,,,0.013702000000,   0.05840,
,,,0.013703000000,   0.05760,
,,,0.013704000000,   0.05920,
,,,0.013705000000,   0.05840,
,,,0.013706000000,   0.05840,
,,,0.013707000000,   0.05840,
,,,0.013708000000,   0.05920,
,,,0.013709000000,   0.05840,
,,,0.013710000000,   0.05840,
,,,0.013711000000,   0.05920,
,,,0.013712000000,   0.05840,
,,,0.013713000000,   0.05920,
,,,0.013714000000,   0.05840,
,,,0.013715000000,   0.05920,
,,,0.013716000000,   0.05920,
,,,0.013717000000,   0.05920,
,,,0.013718000000,   0.05920,
,,,0.013719000000,   0.06000,
,,,0.013720000000,   0.05920,
,,,0.013721000000,   0.05920,
,,,0.013722000000,   0.06000,
,,,0.013723000000,   0.05920,
,,,0.013724000000,   0.05920,
,,,0.013725000000,   0.06000,
,,,0.013726000000,   0.06000,
,,,0.013727000000,   0.06000,
,,,0.013728000000,   0.06000,
,,,0.013729000000,   0.05920,
,,,0.013730000000,   0.06000,
,,,0.013731000000,   0.06000,
,,,0.013732000000,   0.05920,
,,,0.013733000000,   0.06000,
,,,0.013734000000,   0.06000,
,,,0.013735000000,   0.06000,
,,,0.013736000000,   0.06080,
,,,0.013737000000,   0.06000,
,,,0.013738000000,   0.06000,
,,,0.013739000000,   0.06000,
,,,0.013740000000,   0.06000,
,,,0.013741000000,   0.06080,
,,,0.013742000000,   0.06000,
,,,0.013743000000,   0.06000,
,,,0.013744000000,   0.06000,
,,,0.013745000000,   0.06080,
,,,0.013746000000,   0.06000,
,,,0.013747000000,   0.06000,
,,,0.013748000000,   0.05920,
,,,0.013749000000,   0.06000,
,,,0.013750000000,   0.06000,
,,,0.013751000000,   0.06000,
,,,0.013752000000,   0.05920,
,,,0.013753000000,   0.05920,
,,,0.013754000000,   0.06080,
,,,0.013755000000,   0.05920,
,,,0.013756000000,   0.05920,
,,,0.013757000000,   0.05840,
,,,0.013758000000,   0.06000,
,,,0.013759000000,   0.06000,
,,,0.013760000000,   0.05920,
,,,0.013761000000,   0.05920,
,,,0.013762000000,   0.06000,
,,,0.013763000000,   0.05920,
,,,0.013764000000,   0.05920,
,,,0.013765000000,   0.05920,
,,,0.013766000000,   0.05840,
,,,0.013767000000,   0.05840,
,,,0.013768000000,   0.05840,
,,,0.013769000000,   0.05920,
,,,0.013770000000,   0.05920,
,,,0.013771000000,   0.05920,
,,,0.013772000000,   0.05920,
,,,0.013773000000,   0.05840,
,,,0.013774000000,   0.05840,
,,,0.013775000000,   0.05920,
,,,0.013776000000,   0.05920,
,,,0.013777000000,   0.05920,
,,,0.013778000000,   0.05840,
,,,0.013779000000,   0.05840,
,,,0.013780000000,   0.05840,
,,,0.013781000000,   0.05760,
,,,0.013782000000,   0.05840,
,,,0.013783000000,   0.05840,
,,,0.013784000000,   0.05840,
,,,0.013785000000,   0.05840,
,,,0.013786000000,   0.05840,
,,,0.013787000000,   0.05760,
,,,0.013788000000,   0.05760,
,,,0.013789000000,   0.05680,
,,,0.013790000000,   0.05760,
,,,0.013791000000,   0.05760,
,,,0.013792000000,   0.05760,
,,,0.013793000000,   0.05680,
,,,0.013794000000,   0.05680,
,,,0.013795000000,   0.05680,
,,,0.013796000000,   0.05760,
,,,0.013797000000,   0.05680,
,,,0.013798000000,   0.05680,
,,,0.013799000000,   0.05600,
,,,0.013800000000,   0.05600,
,,,0.013801000000,   0.05680,
,,,0.013802000000,   0.05600,
,,,0.013803000000,   0.05600,
,,,0.013804000000,   0.05600,
,,,0.013805000000,   0.05600,
,,,0.013806000000,   0.05680,
,,,0.013807000000,   0.05600,
,,,0.013808000000,   0.05520,
,,,0.013809000000,   0.05440,
,,,0.013810000000,   0.05600,
,,,0.013811000000,   0.05520,
,,,0.013812000000,   0.05520,
,,,0.013813000000,   0.05520,
,,,0.013814000000,   0.05520,
,,,0.013815000000,   0.05520,
,,,0.013816000000,   0.05360,
,,,0.013817000000,   0.05440,
,,,0.013818000000,   0.05440,
,,,0.013819000000,   0.05360,
,,,0.013820000000,   0.05280,
,,,0.013821000000,   0.05440,
,,,0.013822000000,   0.05360,
,,,0.013823000000,   0.05360,
,,,0.013824000000,   0.05280,
,,,0.013825000000,   0.05360,
,,,0.013826000000,   0.05280,
,,,0.013827000000,   0.05280,
,,,0.013828000000,   0.05280,
,,,0.013829000000,   0.05280,
,,,0.013830000000,   0.05280,
,,,0.013831000000,   0.05200,
,,,0.013832000000,   0.05200,
,,,0.013833000000,   0.05280,
,,,0.013834000000,   0.05120,
,,,0.013835000000,   0.05120,
,,,0.013836000000,   0.05200,
,,,0.013837000000,   0.05120,
,,,0.013838000000,   0.05120,
,,,0.013839000000,   0.05040,
,,,0.013840000000,   0.05040,
,,,0.013841000000,   0.05040,
,,,0.013842000000,   0.05040,
,,,0.013843000000,   0.05040,
,,,0.013844000000,   0.04960,
,,,0.013845000000,   0.04960,
,,,0.013846000000,   0.04880,
,,,0.013847000000,   0.05040,
,,,0.013848000000,   0.04960,
,,,0.013849000000,   0.04800,
,,,0.013850000000,   0.04880,
,,,0.013851000000,   0.04960,
,,,0.013852000000,   0.04880,
,,,0.013853000000,   0.04800,
,,,0.013854000000,   0.04800,
,,,0.013855000000,   0.04800,
,,,0.013856000000,   0.04720,
,,,0.013857000000,   0.04800,
,,,0.013858000000,   0.04720,
,,,0.013859000000,   0.04720,
,,,0.013860000000,   0.04640,
,,,0.013861000000,   0.04720,
,,,0.013862000000,   0.04640,
,,,0.013863000000,   0.04640,
,,,0.013864000000,   0.04640,
,,,0.013865000000,   0.04560,
,,,0.013866000000,   0.04480,
,,,0.013867000000,   0.04400,
,,,0.013868000000,   0.04480,
,,,0.013869000000,   0.04480,
,,,0.013870000000,   0.04480,
,,,0.013871000000,   0.04400,
,,,0.013872000000,   0.04480,
,,,0.013873000000,   0.04400,
,,,0.013874000000,   0.04320,
,,,0.013875000000,   0.04320,
,,,0.013876000000,   0.04320,
,,,0.013877000000,   0.04240,
,,,0.013878000000,   0.04240,
,,,0.013879000000,   0.04240,
,,,0.013880000000,   0.04240,
,,,0.013881000000,   0.04160,
,,,0.013882000000,   0.04240,
,,,0.013883000000,   0.04080,
,,,0.013884000000,   0.04160,
,,,0.013885000000,   0.04080,
,,,0.013886000000,   0.04000,
,,,0.013887000000,   0.03920,
,,,0.013888000000,   0.04080,
,,,0.013889000000,   0.04000,
,,,0.013890000000,   0.03920,
,,,0.013891000000,   0.03920,
,,,0.013892000000,   0.03840,
,,,0.013893000000,   0.03840,
,,,0.013894000000,   0.03840,
,,,0.013895000000,   0.03840,
,,,0.013896000000,   0.03840,
,,,0.013897000000,   0.03760,
,,,0.013898000000,   0.03760,
,,,0.013899000000,   0.03680,
,,,0.013900000000,   0.03680,
,,,0.013901000000,   0.03680,
,,,0.013902000000,   0.03600,
,,,0.013903000000,   0.03600,
,,,0.013904000000,   0.03520,
,,,0.013905000000,   0.03520,
,,,0.013906000000,   0.03520,
,,,0.013907000000,   0.03440,
,,,0.013908000000,   0.03440,
,,,0.013909000000,   0.03440,
,,,0.013910000000,   0.03440,
,,,0.013911000000,   0.03360,
,,,0.013912000000,   0.03360,
,,,0.013913000000,   0.03280,
,,,0.013914000000,   0.03200,
,,,0.013915000000,   0.03200,
,,,0.013916000000,   0.03200,
,,,0.013917000000,   0.03120,
,,,0.013918000000,   0.03040,
,,,0.013919000000,   0.03120,
,,,0.013920000000,   0.03040,
,,,0.013921000000,   0.02960,
,,,0.013922000000,   0.03120,
,,,0.013923000000,   0.02880,
,,,0.013924000000,   0.02960,
,,,0.013925000000,   0.02960,
,,,0.013926000000,   0.02800,
,,,0.013927000000,   0.02800,
,,,0.013928000000,   0.02880,
,,,0.013929000000,   0.02880,
,,,0.013930000000,   0.02640,
,,,0.013931000000,   0.02800,
,,,0.013932000000,   0.02640,
,,,0.013933000000,   0.02560,
,,,0.013934000000,   0.02480,
,,,0.013935000000,   0.02560,
,,,0.013936000000,   0.02480,
,,,0.013937000000,   0.02400,
,,,0.013938000000,   0.02480,
,,,0.013939000000,   0.02400,
,,,0.013940000000,   0.02320,
,,,0.013941000000,   0.02320,
,,,0.013942000000,   0.02320,
,,,0.013943000000,   0.02160,
,,,0.013944000000,   0.02160,
,,,0.013945000000,   0.02160,
,,,0.013946000000,   0.02240,
,,,0.013947000000,   0.02160,
,,,0.013948000000,   0.02000,
,,,0.013949000000,   0.02080,
,,,0.013950000000,   0.02000,
,,,0.013951000000,   0.01920,
,,,0.013952000000,   0.01920,
,,,0.013953000000,   0.01920,
,,,0.013954000000,   0.01760,
,,,0.013955000000,   0.01840,
,,,0.013956000000,   0.01760,
,,,0.013957000000,   0.01760,
,,,0.013958000000,   0.01600,
,,,0.013959000000,   0.01520,
,,,0.013960000000,   0.01600,
,,,0.013961000000,   0.01520,
,,,0.013962000000,   0.01520,
,,,0.013963000000,   0.01520,
,,,0.013964000000,   0.01440,
,,,0.013965000000,   0.01520,
,,,0.013966000000,   0.01440,
,,,0.013967000000,   0.01360,
,,,0.013968000000,   0.01280,
,,,0.013969000000,   0.01200,
,,,0.013970000000,   0.01280,
,,,0.013971000000,   0.01280,
,,,0.013972000000,   0.01120,
,,,0.013973000000,   0.01200,
,,,0.013974000000,   0.01040,
,,,0.013975000000,   0.01040,
,,,0.013976000000,   0.00960,
,,,0.013977000000,   0.00880,
,,,0.013978000000,   0.00800,
,,,0.013979000000,   0.00880,
,,,0.013980000000,   0.00800,
,,,0.013981000000,   0.00720,
,,,0.013982000000,   0.00720,
,,,0.013983000000,   0.00720,
,,,0.013984000000,   0.00720,
,,,0.013985000000,   0.00560,
,,,0.013986000000,   0.00560,
,,,0.013987000000,   0.00480,
,,,0.013988000000,   0.00400,
,,,0.013989000000,   0.00400,
,,,0.013990000000,   0.00400,
,,,0.013991000000,   0.00320,
,,,0.013992000000,   0.00240,
,,,0.013993000000,   0.00240,
,,,0.013994000000,   0.00160,
,,,0.013995000000,   0.00080,
,,,0.013996000000,  -0.00080,
,,,0.013997000000,   0.00080,
,,,0.013998000000,  -0.00080,
,,,0.013999000000,   0.00000,
,,,0.014000000000,  -0.00240,
,,,0.014001000000,  -0.00160,
,,,0.014002000000,  -0.00160,
,,,0.014003000000,  -0.00240,
,,,0.014004000000,  -0.00240,
,,,0.014005000000,  -0.00320,
,,,0.014006000000,  -0.00400,
,,,0.014007000000,  -0.00400,
,,,0.014008000000,  -0.00560,
,,,0.014009000000,  -0.00560,
,,,0.014010000000,  -0.00560,
,,,0.014011000000,  -0.00640,
,,,0.014012000000,  -0.00800,
,,,0.014013000000,  -0.00720,
,,,0.014014000000,  -0.00800,
,,,0.014015000000,  -0.00800,
,,,0.014016000000,  -0.00800,
,,,0.014017000000,  -0.00960,
,,,0.014018000000,  -0.01040,
,,,0.014019000000,  -0.01040,
,,,0.014020000000,  -0.00880,
,,,0.014021000000,  -0.01040,
,,,0.014022000000,  -0.01120,
,,,0.014023000000,  -0.01120,
,,,0.014024000000,  -0.01280,
,,,0.014025000000,  -0.01280,
,,,0.014026000000,  -0.01360,
,,,0.014027000000,  -0.01360,
,,,0.014028000000,  -0.01520,
,,,0.014029000000,  -0.01520,
,,,0.014030000000,  -0.01520,
,,,0.014031000000,  -0.01600,
,,,0.014032000000,  -0.01600,
,,,0.014033000000,  -0.01680,
,,,0.014034000000,  -0.01680,
,,,0.014035000000,  -0.01680,
,,,0.014036000000,  -0.01760,
,,,0.014037000000,  -0.01840,
,,,0.014038000000,  -0.01760,
,,,0.014039000000,  -0.01920,
,,,0.014040000000,  -0.02000,
,,,0.014041000000,  -0.01920,
,,,0.014042000000,  -0.02000,
,,,0.014043000000,  -0.02000,
,,,0.014044000000,  -0.02080,
,,,0.014045000000,  -0.02080,
,,,0.014046000000,  -0.02160,
,,,0.014047000000,  -0.02240,
,,,0.014048000000,  -0.02240,
,,,0.014049000000,  -0.02320,
,,,0.014050000000,  -0.02320,
,,,0.014051000000,  -0.02400,
,,,0.014052000000,  -0.02560,
,,,0.014053000000,  -0.02480,
,,,0.014054000000,  -0.02560,
,,,0.014055000000,  -0.02560,
,,,0.014056000000,  -0.02480,
,,,0.014057000000,  -0.02720,
,,,0.014058000000,  -0.02640,
,,,0.014059000000,  -0.02720,
,,,0.014060000000,  -0.02640,
,,,0.014061000000,  -0.02720,
,,,0.014062000000,  -0.02880,
,,,0.014063000000,  -0.02880,
,,,0.014064000000,  -0.02880,
,,,0.014065000000,  -0.02960,
,,,0.014066000000,  -0.03040,
,,,0.014067000000,  -0.03040,
,,,0.014068000000,  -0.02960,
,,,0.014069000000,  -0.03040,
,,,0.014070000000,  -0.03120,
,,,0.014071000000,  -0.03200,
,,,0.014072000000,  -0.03280,
,,,0.014073000000,  -0.03200,
,,,0.014074000000,  -0.03200,
,,,0.014075000000,  -0.03280,
,,,0.014076000000,  -0.03360,
,,,0.014077000000,  -0.03280,
,,,0.014078000000,  -0.03440,
,,,0.014079000000,  -0.03440,
,,,0.014080000000,  -0.03520,
,,,0.014081000000,  -0.03440,
,,,0.014082000000,  -0.03520,
,,,0.014083000000,  -0.03520,
,,,0.014084000000,  -0.03520,
,,,0.014085000000,  -0.03680,
,,,0.014086000000,  -0.03600,
,,,0.014087000000,  -0.03600,
,,,0.014088000000,  -0.03760,
,,,0.014089000000,  -0.03840,
,,,0.014090000000,  -0.03760,
,,,0.014091000000,  -0.03760,
,,,0.014092000000,  -0.03760,
,,,0.014093000000,  -0.03840,
,,,0.014094000000,  -0.03920,
,,,0.014095000000,  -0.03840,
,,,0.014096000000,  -0.03840,
,,,0.014097000000,  -0.04000,
,,,0.014098000000,  -0.04080,
,,,0.014099000000,  -0.04080,
,,,0.014100000000,  -0.04000,
,,,0.014101000000,  -0.04080,
,,,0.014102000000,  -0.04160,
,,,0.014103000000,  -0.04080,
,,,0.014104000000,  -0.04240,
,,,0.014105000000,  -0.04160,
,,,0.014106000000,  -0.04320,
,,,0.014107000000,  -0.04240,
,,,0.014108000000,  -0.04320,
,,,0.014109000000,  -0.04400,
,,,0.014110000000,  -0.04320,
,,,0.014111000000,  -0.04400,
,,,0.014112000000,  -0.04400,
,,,0.014113000000,  -0.04400,
,,,0.014114000000,  -0.04480,
,,,0.014115000000,  -0.04400,
,,,0.014116000000,  -0.04480,
,,,0.014117000000,  -0.04560,
,,,0.014118000000,  -0.04560,
,,,0.014119000000,  -0.04480,
,,,0.014120000000,  -0.04720,
,,,0.014121000000,  -0.04640,
,,,0.014122000000,  -0.04720,
,,,0.014123000000,  -0.04640,
,,,0.014124000000,  -0.04640,
,,,0.014125000000,  -0.04640,
,,,0.014126000000,  -0.04720,
,,,0.014127000000,  -0.04800,
,,,0.014128000000,  -0.04800,
,,,0.014129000000,  -0.04800,
,,,0.014130000000,  -0.04800,
,,,0.014131000000,  -0.04800,
,,,0.014132000000,  -0.04800,
,,,0.014133000000,  -0.04880,
,,,0.014134000000,  -0.04960,
,,,0.014135000000,  -0.04960,
,,,0.014136000000,  -0.04960,
,,,0.014137000000,  -0.05040,
,,,0.014138000000,  -0.04960,
,,,0.014139000000,  -0.05040,
,,,0.014140000000,  -0.05040,
,,,0.014141000000,  -0.05120,
,,,0.014142000000,  -0.05040,
,,,0.014143000000,  -0.05120,
,,,0.014144000000,  -0.05040,
,,,0.014145000000,  -0.05120,
,,,0.014146000000,  -0.05120,
,,,0.014147000000,  -0.05200,
,,,0.014148000000,  -0.05200,
,,,0.014149000000,  -0.05200,
,,,0.014150000000,  -0.05280,
,,,0.014151000000,  -0.05360,
,,,0.014152000000,  -0.05360,
,,,0.014153000000,  -0.05280,
,,,0.014154000000,  -0.05360,
,,,0.014155000000,  -0.05280,
,,,0.014156000000,  -0.05360,
,,,0.014157000000,  -0.05360,
,,,0.014158000000,  -0.05360,
,,,0.014159000000,  -0.05440,
,,,0.014160000000,  -0.05440,
,,,0.014161000000,  -0.05440,
,,,0.014162000000,  -0.05520,
,,,0.014163000000,  -0.05600,
,,,0.014164000000,  -0.05520,
,,,0.014165000000,  -0.05600,
,,,0.014166000000,  -0.05600,
,,,0.014167000000,  -0.05600,
,,,0.014168000000,  -0.05600,
,,,0.014169000000,  -0.05600,
,,,0.014170000000,  -0.05680,
,,,0.014171000000,  -0.05520,
,,,0.014172000000,  -0.05600,
,,,0.014173000000,  -0.05600,
,,,0.014174000000,  -0.05680,
,,,0.014175000000,  -0.05680,
,,,0.014176000000,  -0.05600,
,,,0.014177000000,  -0.05680,
,,,0.014178000000,  -0.05680,
,,,0.014179000000,  -0.05680,
,,,0.014180000000,  -0.05600,
,,,0.014181000000,  -0.05680,
,,,0.014182000000,  -0.05680,
,,,0.014183000000,  -0.05680,
,,,0.014184000000,  -0.05760,
,,,0.014185000000,  -0.05680,
,,,0.014186000000,  -0.05680,
,,,0.014187000000,  -0.05760,
,,,0.014188000000,  -0.05760,
,,,0.014189000000,  -0.05680,
,,,0.014190000000,  -0.05760,
,,,0.014191000000,  -0.05840,
,,,0.014192000000,  -0.05760,
,,,0.014193000000,  -0.05840,
,,,0.014194000000,  -0.05680,
,,,0.014195000000,  -0.05840,
,,,0.014196000000,  -0.05760,
,,,0.014197000000,  -0.05840,
,,,0.014198000000,  -0.05920,
,,,0.014199000000,  -0.05920,
,,,0.014200000000,  -0.05920,
,,,0.014201000000,  -0.05920,
,,,0.014202000000,  -0.05840,
,,,0.014203000000,  -0.05920,
,,,0.014204000000,  -0.05920,
,,,0.014205000000,  -0.05920,
,,,0.014206000000,  -0.05920,
,,,0.014207000000,  -0.05920,
,,,0.014208000000,  -0.05840,
,,,0.014209000000,  -0.05920,
,,,0.014210000000,  -0.05920,
,,,0.014211000000,  -0.06000,
,,,0.014212000000,  -0.05920,
,,,0.014213000000,  -0.05920,
,,,0.014214000000,  -0.05920,
,,,0.014215000000,  -0.05920,
,,,0.014216000000,  -0.05920,
,,,0.014217000000,  -0.06000,
,,,0.014218000000,  -0.06000,
,,,0.014219000000,  -0.05920,
,,,0.014220000000,  -0.06000,
,,,0.014221000000,  -0.06000,
,,,0.014222000000,  -0.06000,
,,,0.014223000000,  -0.06000,
,,,0.014224000000,  -0.06000,
,,,0.014225000000,  -0.06000,
,,,0.014226000000,  -0.06000,
,,,0.014227000000,  -0.06000,
,,,0.014228000000,  -0.06000,
,,,0.014229000000,  -0.06000,
,,,0.014230000000,  -0.06080,
,,,0.014231000000,  -0.06000,
,,,0.014232000000,  -0.06000,
,,,0.014233000000,  -0.06080,
,,,0.014234000000,  -0.06000,
,,,0.014235000000,  -0.06080,
,,,0.014236000000,  -0.06080,
,,,0.014237000000,  -0.06000,
,,,0.014238000000,  -0.06080,
,,,0.014239000000,  -0.06000,
,,,0.014240000000,  -0.06000,
,,,0.014241000000,  -0.06080,
,,,0.014242000000,  -0.06000,
,,,0.014243000000,  -0.06080,
,,,0.014244000000,  -0.05920,
,,,0.014245000000,  -0.06000,
,,,0.014246000000,  -0.06080,
,,,0.014247000000,  -0.06000,
,,,0.014248000000,  -0.06000,
,,,0.014249000000,  -0.06000,
,,,0.014250000000,  -0.06080,
,,,0.014251000000,  -0.06000,
,,,0.014252000000,  -0.06080,
,,,0.014253000000,  -0.06080,
,,,0.014254000000,  -0.06000,
,,,0.014255000000,  -0.05920,
,,,0.014256000000,  -0.06000,
,,,0.014257000000,  -0.06000,
,,,0.014258000000,  -0.06160,
,,,0.014259000000,  -0.06080,
,,,0.014260000000,  -0.06080,
,,,0.014261000000,  -0.06000,
,,,0.014262000000,  -0.06080,
,,,0.014263000000,  -0.05920,
,,,0.014264000000,  -0.06000,
,,,0.014265000000,  -0.06000,
,,,0.014266000000,  -0.06000,
,,,0.014267000000,  -0.06000,
,,,0.014268000000,  -0.06000,
,,,0.014269000000,  -0.05840,
,,,0.014270000000,  -0.06000,
,,,0.014271000000,  -0.05920,
,,,0.014272000000,  -0.05920,
,,,0.014273000000,  -0.05920,
,,,0.014274000000,  -0.06000,
,,,0.014275000000,  -0.05920,
,,,0.014276000000,  -0.05920,
,,,0.014277000000,  -0.05920,
,,,0.014278000000,  -0.05920,
,,,0.014279000000,  -0.05920,
,,,0.014280000000,  -0.05920,
,,,0.014281000000,  -0.05840,
,,,0.014282000000,  -0.05920,
,,,0.014283000000,  -0.05920,
,,,0.014284000000,  -0.05920,
,,,0.014285000000,  -0.05760,
,,,0.014286000000,  -0.05920,
,,,0.014287000000,  -0.05840,
,,,0.014288000000,  -0.05760,
,,,0.014289000000,  -0.05760,
,,,0.014290000000,  -0.05840,
,,,0.014291000000,  -0.05680,
,,,0.014292000000,  -0.05760,
,,,0.014293000000,  -0.05760,
,,,0.014294000000,  -0.05760,
,,,0.014295000000,  -0.05760,
,,,0.014296000000,  -0.05760,
,,,0.014297000000,  -0.05680,
,,,0.014298000000,  -0.05760,
,,,0.014299000000,  -0.05840,
,,,0.014300000000,  -0.05680,
,,,0.014301000000,  -0.05680,
,,,0.014302000000,  -0.05680,
,,,0.014303000000,  -0.05680,
,,,0.014304000000,  -0.05680,
,,,0.014305000000,  -0.05680,
,,,0.014306000000,  -0.05600,
,,,0.014307000000,  -0.05600,
,,,0.014308000000,  -0.05600,
,,,0.014309000000,  -0.05680,
,,,0.014310000000,  -0.05600,
,,,0.014311000000,  -0.05680,
,,,0.014312000000,  -0.05520,
,,,0.014313000000,  -0.05600,
,,,0.014314000000,  -0.05440,
,,,0.014315000000,  -0.05600,
,,,0.014316000000,  -0.05600,
,,,0.014317000000,  -0.05440,
,,,0.014318000000,  -0.05440,
,,,0.014319000000,  -0.05520,
,,,0.014320000000,  -0.05440,
,,,0.014321000000,  -0.05520,
,,,0.014322000000,  -0.05440,
,,,0.014323000000,  -0.05440,
,,,0.014324000000,  -0.05360,
,,,0.014325000000,  -0.05360,
,,,0.014326000000,  -0.05360,
,,,0.014327000000,  -0.05440,
,,,0.014328000000,  -0.05360,
,,,0.014329000000,  -0.05280,
,,,0.014330000000,  -0.05280,
,,,0.014331000000,  -0.05360,
,,,0.014332000000,  -0.05280,
,,,0.014333000000,  -0.05200,
,,,0.014334000000,  -0.05280,
,,,0.014335000000,  -0.05200,
,,,0.014336000000,  -0.05280,
,,,0.014337000000,  -0.05200,
,,,0.014338000000,  -0.05120,
,,,0.014339000000,  -0.05120,
,,,0.014340000000,  -0.04960,
,,,0.014341000000,  -0.05040,
,,,0.014342000000,  -0.05040,
,,,0.014343000000,  -0.05120,
,,,0.014344000000,  -0.05040,
,,,0.014345000000,  -0.05040,
,,,0.014346000000,  -0.04960,
,,,0.014347000000,  -0.04960,
,,,0.014348000000,  -0.04960,
,,,0.014349000000,  -0.04880,
,,,0.014350000000,  -0.04960,
,,,0.014351000000,  -0.04960,
,,,0.014352000000,  -0.04960,
,,,0.014353000000,  -0.04960,
,,,0.014354000000,  -0.04960,
,,,0.014355000000,  -0.04720,
,,,0.014356000000,  -0.04720,
,,,0.014357000000,  -0.04800,
,,,0.014358000000,  -0.04800,
,,,0.014359000000,  -0.04880,
,,,0.014360000000,  -0.04640,
,,,0.014361000000,  -0.04640,
,,,0.014362000000,  -0.04640,
,,,0.014363000000,  -0.04640,
,,,0.014364000000,  -0.04640,
,,,0.014365000000,  -0.04720,
,,,0.014366000000,  -0.04560,
,,,0.014367000000,  -0.04640,
,,,0.014368000000,  -0.04560,
,,,0.014369000000,  -0.04480,
,,,0.014370000000,  -0.04480,
,,,0.014371000000,  -0.04480,
,,,0.014372000000,  -0.04320,
,,,0.014373000000,  -0.04400,
,,,0.014374000000,  -0.04320,
,,,0.014375000000,  -0.04320,
,,,0.014376000000,  -0.04320,
,,,0.014377000000,  -0.04320,
,,,0.014378000000,  -0.04240,
,,,0.014379000000,  -0.04320,
,,,0.014380000000,  -0.04320,
,,,0.014381000000,  -0.04160,
,,,0.014382000000,  -0.04160,
,,,0.014383000000,  -0.04240,
,,,0.014384000000,  -0.04080,
,,,0.014385000000,  -0.04080,
,,,0.014386000000,  -0.04080,
,,,0.014387000000,  -0.04160,
,,,0.014388000000,  -0.04000,
,,,0.014389000000,  -0.04000,
,,,0.014390000000,  -0.04000,
,,,0.014391000000,  -0.03920,
,,,0.014392000000,  -0.03840,
,,,0.014393000000,  -0.03840,
,,,0.014394000000,  -0.03920,
,,,0.014395000000,  -0.03920,
,,,0.014396000000,  -0.03760,
,,,0.014397000000,  -0.03760,
,,,0.014398000000,  -0.03760,
,,,0.014399000000,  -0.03760,
,,,0.014400000000,  -0.03600,
,,,0.014401000000,  -0.03680,
,,,0.014402000000,  -0.03600,
,,,0.014403000000,  -0.03600,
,,,0.014404000000,  -0.03520,
,,,0.014405000000,  -0.03520,
,,,0.014406000000,  -0.03520,
,,,0.014407000000,  -0.03440,
,,,0.014408000000,  -0.03520,
,,,0.014409000000,  -0.03440,
,,,0.014410000000,  -0.03360,
,,,0.014411000000,  -0.03360,
,,,0.014412000000,  -0.03280,
,,,0.014413000000,  -0.03280,
,,,0.014414000000,  -0.03280,
,,,0.014415000000,  -0.03200,
,,,0.014416000000,  -0.03280,
,,,0.014417000000,  -0.03200,
,,,0.014418000000,  -0.03120,
,,,0.014419000000,  -0.03120,
,,,0.014420000000,  -0.03040,
,,,0.014421000000,  -0.02960,
,,,0.014422000000,  -0.03040,
,,,0.014423000000,  -0.02960,
,,,0.014424000000,  -0.02880,
,,,0.014425000000,  -0.02960,
,,,0.014426000000,  -0.02880,
,,,0.014427000000,  -0.02800,
,,,0.014428000000,  -0.02800,
,,,0.014429000000,  -0.02800,
,,,0.014430000000,  -0.02640,
,,,0.014431000000,  -0.02720,
,,,0.014432000000,  -0.02720,
,,,0.014433000000,  -0.02640,
,,,0.014434000000,  -0.02640,
,,,0.014435000000,  -0.02560,
,,,0.014436000000,  -0.02560,
,,,0.014437000000,  -0.02560,
,,,0.014438000000,  -0.02480,
,,,0.014439000000,  -0.02480,
,,,0.014440000000,  -0.02320,
,,,0.014441000000,  -0.02400,
,,,0.014442000000,  -0.02240,
,,,0.014443000000,  -0.02240,
,,,0.014444000000,  -0.02240,
,,,0.014445000000,  -0.02240,
,,,0.014446000000,  -0.02160,
,,,0.014447000000,  -0.02080,
,,,0.014448000000,  -0.02080,
,,,0.014449000000,  -0.02000,
,,,0.014450000000,  -0.01920,
,,,0.014451000000,  -0.02000,
,,,0.014452000000,  -0.01920,
,,,0.014453000000,  -0.02000,
,,,0.014454000000,  -0.01840,
,,,0.014455000000,  -0.01840,
,,,0.014456000000,  -0.01760,
,,,0.014457000000,  -0.01760,
,,,0.014458000000,  -0.01680,
,,,0.014459000000,  -0.01680,
,,,0.014460000000,  -0.01680,
,,,0.014461000000,  -0.01520,
,,,0.014462000000,  -0.01600,
,,,0.014463000000,  -0.01520,
,,,0.014464000000,  -0.01440,
,,,0.014465000000,  -0.01440,
,,,0.014466000000,  -0.01440,
,,,0.014467000000,  -0.01440,
,,,0.014468000000,  -0.01440,
,,,0.014469000000,  -0.01360,
,,,0.014470000000,  -0.01280,
,,,0.014471000000,  -0.01040,
,,,0.014472000000,  -0.01200,
,,,0.014473000000,  -0.01120,
,,,0.014474000000,  -0.01120,
,,,0.014475000000,  -0.01120,
,,,0.014476000000,  -0.01040,
,,,0.014477000000,  -0.00960,
,,,0.014478000000,  -0.00880,
,,,0.014479000000,  -0.00800,
,,,0.014480000000,  -0.00720,
,,,0.014481000000,  -0.00800,
,,,0.014482000000,  -0.00720,
,,,0.014483000000,  -0.00720,
,,,0.014484000000,  -0.00720,
,,,0.014485000000,  -0.00560,
,,,0.014486000000,  -0.00640,
,,,0.014487000000,  -0.00560,
,,,0.014488000000,  -0.00480,
,,,0.014489000000,  -0.00320,
,,,0.014490000000,  -0.00400,
,,,0.014491000000,  -0.00320,
,,,0.014492000000,  -0.00320,
,,,0.014493000000,  -0.00160,
,,,0.014494000000,  -0.00160,
,,,0.014495000000,  -0.00160,
,,,0.014496000000,  -0.00080,
,,,0.014497000000,  -0.00080,
,,,0.014498000000,   0.00000,
,,,0.014499000000,  -0.00080,
,,,0.014500000000,   0.00000,
,,,0.014501000000,   0.00160,
,,,0.014502000000,   0.00000,
,,,0.014503000000,   0.00160,
,,,0.014504000000,   0.00240,
,,,0.014505000000,   0.00320,
,,,0.014506000000,   0.00320,
,,,0.014507000000,   0.00400,
,,,0.014508000000,   0.00400,
,,,0.014509000000,   0.00400,
,,,0.014510000000,   0.00560,
,,,0.014511000000,   0.00640,
,,,0.014512000000,   0.00720,
,,,0.014513000000,   0.00640,
,,,0.014514000000,   0.00800,
,,,0.014515000000,   0.00720,
,,,0.014516000000,   0.00720,
,,,0.014517000000,   0.00880,
,,,0.014518000000,   0.00880,
,,,0.014519000000,   0.00880,
,,,0.014520000000,   0.00960,
,,,0.014521000000,   0.01040,
,,,0.014522000000,   0.01040,
,,,0.014523000000,   0.01120,
,,,0.014524000000,   0.01120,
,,,0.014525000000,   0.01280,
,,,0.014526000000,   0.01280,
,,,0.014527000000,   0.01280,
,,,0.014528000000,   0.01440,
,,,0.014529000000,   0.01360,
,,,0.014530000000,   0.01520,
,,,0.014531000000,   0.01520,
,,,0.014532000000,   0.01600,
,,,0.014533000000,   0.01520,
,,,0.014534000000,   0.01600,
,,,0.014535000000,   0.01760,
,,,0.014536000000,   0.01680,
,,,0.014537000000,   0.01760,
,,,0.014538000000,   0.01840,
,,,0.014539000000,   0.01920,
,,,0.014540000000,   0.01840,
,,,0.014541000000,   0.01920,
,,,0.014542000000,   0.02080,
,,,0.014543000000,   0.02080,
,,,0.014544000000,   0.02000,
,,,0.014545000000,   0.02160,
,,,0.014546000000,   0.02080,
,,,0.014547000000,   0.02160,
,,,0.014548000000,   0.02240,
,,,0.014549000000,   0.02320,
,,,0.014550000000,   0.02320,
,,,0.014551000000,   0.02400,
,,,0.014552000000,   0.02400,
,,,0.014553000000,   0.02320,
,,,0.014554000000,   0.02400,
,,,0.014555000000,   0.02480,
,,,0.014556000000,   0.02560,
,,,0.014557000000,   0.02640,
,,,0.014558000000,   0.02720,
,,,0.014559000000,   0.02880,
,,,0.014560000000,   0.02640,
,,,0.014561000000,   0.02720,
,,,0.014562000000,   0.02720,
,,,0.014563000000,   0.02880,
,,,0.014564000000,   0.02800,
,,,0.014565000000,   0.02880,
,,,0.014566000000,   0.02960,
,,,0.014567000000,   0.03040,
,,,0.014568000000,   0.03040,
,,,0.014569000000,   0.02960,
,,,0.014570000000,   0.03120,
,,,0.014571000000,   0.03120,
,,,0.014572000000,   0.03120,
,,,0.014573000000,   0.03280,
,,,0.014574000000,   0.03280,
,,,0.014575000000,   0.03280,
,,,0.014576000000,   0.03200,
,,,0.014577000000,   0.03280,
,,,0.014578000000,   0.03360,
,,,0.014579000000,   0.03360,
,,,0.014580000000,   0.03440,
,,,0.014581000000,   0.03440,
,,,0.014582000000,   0.03440,
,,,0.014583000000,   0.03520,
,,,0.014584000000,   0.03520,
,,,0.014585000000,   0.03600,
,,,0.014586000000,   0.03520,
,,,0.014587000000,   0.03680,
,,,0.014588000000,   0.03680,
,,,0.014589000000,   0.03680,
,,,0.014590000000,   0.03680,
,,,0.014591000000,   0.03760,
,,,0.014592000000,   0.03840,
,,,0.014593000000,   0.03920,
,,,0.014594000000,   0.03840,
,,,0.014595000000,   0.03920,
,,,0.014596000000,   0.03840,
,,,0.014597000000,   0.03920,
,,,0.014598000000,   0.04000,
,,,0.014599000000,   0.03920,
,,,0.014600000000,   0.04000,
,,,0.014601000000,   0.04080,
,,,0.014602000000,   0.04080,
,,,0.014603000000,   0.04080,
,,,0.014604000000,   0.04080,
,,,0.014605000000,   0.04160,
,,,0.014606000000,   0.04160,
,,,0.014607000000,   0.04240,
,,,0.014608000000,   0.04240,
,,,0.014609000000,   0.04160,
,,,0.014610000000,   0.04240,
,,,0.014611000000,   0.04400,
,,,0.014612000000,   0.04320,
,,,0.014613000000,   0.04400,
,,,0.014614000000,   0.04480,
,,,0.014615000000,   0.04400,
,,,0.014616000000,   0.04400,
,,,0.014617000000,   0.04480,
,,,0.014618000000,   0.04400,
,,,0.014619000000,   0.04480,
,,,0.014620000000,   0.04560,
,,,0.014621000000,   0.04560,
,,,0.014622000000,   0.04560,
,,,0.014623000000,   0.04560,
,,,0.014624000000,   0.04640,
,,,0.014625000000,   0.04640,
,,,0.014626000000,   0.04640,
,,,0.014627000000,   0.04720,
,,,0.014628000000,   0.04720,
,,,0.014629000000,   0.04800,
,,,0.014630000000,   0.04720,
,,,0.014631000000,   0.04720,
,,,0.014632000000,   0.04800,
,,,0.014633000000,   0.04880,
,,,0.014634000000,   0.04880,
,,,0.014635000000,   0.04800,
,,,0.014636000000,   0.04960,
,,,0.014637000000,   0.04880,
,,,0.014638000000,   0.04960,
,,,0.014639000000,   0.05040,
,,,0.014640000000,   0.05120,
,,,0.014641000000,   0.04960,
,,,0.014642000000,   0.05040,
,,,0.014643000000,   0.05120,
,,,0.014644000000,   0.05040,
,,,0.014645000000,   0.05040,
,,,0.014646000000,   0.05120,
,,,0.014647000000,   0.05120,
,,,0.014648000000,   0.05200,
,,,0.014649000000,   0.05200,
,,,0.014650000000,   0.05200,
,,,0.014651000000,   0.05280,
,,,0.014652000000,   0.05280,
,,,0.014653000000,   0.05200,
,,,0.014654000000,   0.05280,
,,,0.014655000000,   0.05200,
,,,0.014656000000,   0.05360,
,,,0.014657000000,   0.05280,
,,,0.014658000000,   0.05280,
,,,0.014659000000,   0.05280,
,,,0.014660000000,   0.05360,
,,,0.014661000000,   0.05280,
,,,0.014662000000,   0.05440,
,,,0.014663000000,   0.05360,
,,,0.014664000000,   0.05360,
,,,0.014665000000,   0.05440,
,,,0.014666000000,   0.05440,
,,,0.014667000000,   0.05520,
,,,0.014668000000,   0.05440,
,,,0.014669000000,   0.05520,
,,,0.014670000000,   0.05520,
,,,0.014671000000,   0.05440,
,,,0.014672000000,   0.05520,
,,,0.014673000000,   0.05520,
,,,0.014674000000,   0.05600,
,,,0.014675000000,   0.05600,
,,,0.014676000000,   0.05600,
,,,0.014677000000,   0.05600,
,,,0.014678000000,   0.05600,
,,,0.014679000000,   0.05680,
,,,0.014680000000,   0.05600,
,,,0.014681000000,   0.05760,
,,,0.014682000000,   0.05680,
,,,0.014683000000,   0.05600,
,,,0.014684000000,   0.05600,
,,,0.014685000000,   0.05760,
,,,0.014686000000,   0.05600,
,,,0.014687000000,   0.05840,
,,,0.014688000000,   0.05680,
,,,0.014689000000,   0.05680,
,,,0.014690000000,   0.05760,
,,,0.014691000000,   0.05840,
,,,0.014692000000,   0.05760,
,,,0.014693000000,   0.05840,
,,,0.014694000000,   0.05840,
,,,0.014695000000,   0.05760,
,,,0.014696000000,   0.05840,
,,,0.014697000000,   0.05840,
,,,0.014698000000,   0.05840,
,,,0.014699000000,   0.05920,
,,,0.014700000000,   0.05760,
,,,0.014701000000,   0.05920,
,,,0.014702000000,   0.05840,
,,,0.014703000000,   0.05840,
,,,0.014704000000,   0.05920,
,,,0.014705000000,   0.05760,
,,,0.014706000000,   0.05840,
,,,0.014707000000,   0.05920,
,,,0.014708000000,   0.05840,
,,,0.014709000000,   0.05920,
,,,0.014710000000,   0.05920,
,,,0.014711000000,   0.05840,
,,,0.014712000000,   0.05840,
,,,0.014713000000,   0.05920,
,,,0.014714000000,   0.06000,
,,,0.014715000000,   0.05920,
,,,0.014716000000,   0.06000,
,,,0.014717000000,   0.05920,
,,,0.014718000000,   0.06000,
,,,0.014719000000,   0.06000,
,,,0.014720000000,   0.06000,
,,,0.014721000000,   0.05920,
,,,0.014722000000,   0.05920,
,,,0.014723000000,   0.05920,
,,,0.014724000000,   0.05920,
,,,0.014725000000,   0.06000,
,,,0.014726000000,   0.06000,
,,,0.014727000000,   0.05920,
,,,0.014728000000,   0.06000,
,,,0.014729000000,   0.06000,
,,,0.014730000000,   0.06000,
,,,0.014731000000,   0.06000,
,,,0.014732000000,   0.06080,
,,,0.014733000000,   0.06000,
,,,0.014734000000,   0.06080,
,,,0.014735000000,   0.06000,
,,,0.014736000000,   0.06080,
,,,0.014737000000,   0.06080,
,,,0.014738000000,   0.06000,
,,,0.014739000000,   0.06000,
,,,0.014740000000,   0.06000,
,,,0.014741000000,   0.06000,
,,,0.014742000000,   0.06000,
,,,0.014743000000,   0.05920,
,,,0.014744000000,   0.05920,
,,,0.014745000000,   0.06080,
,,,0.014746000000,   0.06080,
,,,0.014747000000,   0.06080,
,,,0.014748000000,   0.06000,
,,,0.014749000000,   0.06000,
